machine_id,timestamp,cycle,temperature,vibration,pressure,failure_probability_true,label
1,2026-10-06 11:43:41.691361,0,62.05,0.307,102.17,0.0,0
1,2026-10-06 11:48:41.691361,1,64.01,0.371,100.69,0.0,0
1,2026-10-06 11:53:41.691361,2,65.45,0.411,102.07,0.0,0
1,2026-10-06 11:58:41.691361,3,65.75,0.395,100.68,0.0,0
1,2026-10-06 12:03:41.691361,4,64.84,0.324,103.29,0.0,0
1,2026-10-06 12:08:41.691361,5,64.34,0.363,100.94,0.0,0
1,2026-10-06 12:13:41.691361,6,65.88,0.365,101.32,0.001,0
1,2026-10-06 12:18:41.691361,7,63.99,0.4,102.51,0.001,0
1,2026-10-06 12:23:41.691361,8,64.92,0.396,105.17,0.001,0
1,2026-10-06 12:28:41.691361,9,63.95,0.349,100.73,0.001,0
1,2026-10-06 12:33:41.691361,10,65.18,0.432,101.77,0.002,0
1,2026-10-06 12:38:41.691361,11,63.45,0.335,102.91,0.002,0
1,2026-10-06 12:43:41.691361,12,65.36,0.404,100.93,0.002,0
1,2026-10-06 12:48:41.691361,13,64.76,0.384,102.25,0.003,0
1,2026-10-06 12:53:41.691361,14,65.54,0.39,102.93,0.003,0
1,2026-10-06 12:58:41.691361,15,64.59,0.395,102.85,0.003,0
1,2026-10-06 13:03:41.691361,16,62.78,0.366,101.19,0.004,0
1,2026-10-06 13:08:41.691361,17,63.78,0.369,104.13,0.004,0
1,2026-10-06 13:13:41.691361,18,63.53,0.433,99.35,0.005,0
1,2026-10-06 13:18:41.691361,19,64.18,0.394,102.74,0.006,0
1,2026-10-06 13:23:41.691361,20,65.46,0.427,101.33,0.006,0
1,2026-10-06 13:28:41.691361,21,64.07,0.432,101.55,0.007,0
1,2026-10-06 13:33:41.691361,22,63.12,0.334,100.44,0.008,0
1,2026-10-06 13:38:41.691361,23,65.27,0.399,102.85,0.008,0
1,2026-10-06 13:43:41.691361,24,64.19,0.402,102.73,0.009,0
1,2026-10-06 13:48:41.691361,25,64.36,0.419,100.79,0.01,0
1,2026-10-06 13:53:41.691361,26,64.32,0.379,99.97,0.01,0
1,2026-10-06 13:58:41.691361,27,65.37,0.376,101.77,0.011,0
1,2026-10-06 14:03:41.691361,28,65.39,0.424,102.73,0.012,0
1,2026-10-06 14:08:41.691361,29,64.73,0.383,101.59,0.013,0
1,2026-10-06 14:13:41.691361,30,62.85,0.334,99.71,0.014,0
1,2026-10-06 14:18:41.691361,31,63.71,0.429,100.32,0.015,0
1,2026-10-06 14:23:41.691361,32,64.49,0.476,101.12,0.016,0
1,2026-10-06 14:28:41.691361,33,65.86,0.367,101.33,0.017,0
1,2026-10-06 14:33:41.691361,34,63.88,0.4,102.88,0.018,0
1,2026-10-06 14:38:41.691361,35,62.98,0.441,101.95,0.019,0
1,2026-10-06 14:43:41.691361,36,64.38,0.35,101.68,0.02,0
1,2026-10-06 14:48:41.691361,37,64.5,0.436,101.58,0.021,0
1,2026-10-06 14:53:41.691361,38,67.09,0.416,99.99,0.022,0
1,2026-10-06 14:58:41.691361,39,65.43,0.442,103.54,0.024,0
1,2026-10-06 15:03:41.691361,40,66.26,0.452,103.67,0.025,0
1,2026-10-06 15:08:41.691361,41,63.87,0.405,100.06,0.026,0
1,2026-10-06 15:13:41.691361,42,64.88,0.371,102.38,0.027,0
1,2026-10-06 15:18:41.691361,43,65.13,0.37,99.88,0.029,0
1,2026-10-06 15:23:41.691361,44,65.82,0.489,104.37,0.03,0
1,2026-10-06 15:28:41.691361,45,68.98,0.471,99.86,0.031,0
1,2026-10-06 15:33:41.691361,46,62.98,0.467,100.1,0.033,0
1,2026-10-06 15:38:41.691361,47,65.09,0.427,101.08,0.034,0
1,2026-10-06 15:43:41.691361,48,66.92,0.469,101.02,0.036,0
1,2026-10-06 15:48:41.691361,49,64.45,0.381,100.5,0.037,0
1,2026-10-06 15:53:41.691361,50,65.68,0.557,101.39,0.039,0
1,2026-10-06 15:58:41.691361,51,66.98,0.448,99.39,0.04,0
1,2026-10-06 16:03:41.691361,52,64.7,0.44,104.33,0.042,0
1,2026-10-06 16:08:41.691361,53,64.93,0.522,99.75,0.044,0
1,2026-10-06 16:13:41.691361,54,67.09,0.504,100.83,0.045,0
1,2026-10-06 16:18:41.691361,55,65.98,0.456,101.71,0.047,0
1,2026-10-06 16:23:41.691361,56,65.54,0.432,99.08,0.049,0
1,2026-10-06 16:28:41.691361,57,66.36,0.577,101.21,0.05,0
1,2026-10-06 16:33:41.691361,58,66.07,0.516,102.89,0.052,0
1,2026-10-06 16:38:41.691361,59,66.54,0.486,102.55,0.054,0
1,2026-10-06 16:43:41.691361,60,66.86,0.588,101.13,0.056,0
1,2026-10-06 16:48:41.691361,61,64.94,0.448,103.3,0.058,0
1,2026-10-06 16:53:41.691361,62,68.54,0.512,100.21,0.06,0
1,2026-10-06 16:58:41.691361,63,68.3,0.47,99.4,0.062,0
1,2026-10-06 17:03:41.691361,64,67.38,0.511,100.7,0.063,0
1,2026-10-06 17:08:41.691361,65,66.48,0.552,102.78,0.065,0
1,2026-10-06 17:13:41.691361,66,66.86,0.573,97.55,0.068,0
1,2026-10-06 17:18:41.691361,67,66.77,0.504,98.75,0.07,0
1,2026-10-06 17:23:41.691361,68,65.84,0.534,101.91,0.072,0
1,2026-10-06 17:28:41.691361,69,65.38,0.558,99.77,0.074,0
1,2026-10-06 17:33:41.691361,70,66.65,0.612,101.26,0.076,0
1,2026-10-06 17:38:41.691361,71,68.73,0.559,99.37,0.078,0
1,2026-10-06 17:43:41.691361,72,66.93,0.585,100.63,0.08,0
1,2026-10-06 17:48:41.691361,73,65.98,0.583,100.66,0.083,0
1,2026-10-06 17:53:41.691361,74,70.38,0.678,99.0,0.085,0
1,2026-10-06 17:58:41.691361,75,67.1,0.517,99.34,0.087,0
1,2026-10-06 18:03:41.691361,76,67.9,0.656,99.09,0.09,0
1,2026-10-06 18:08:41.691361,77,66.82,0.494,99.89,0.092,0
1,2026-10-06 18:13:41.691361,78,66.41,0.581,98.77,0.094,0
1,2026-10-06 18:18:41.691361,79,67.66,0.526,97.84,0.097,0
1,2026-10-06 18:23:41.691361,80,70.42,0.555,98.34,0.099,0
1,2026-10-06 18:28:41.691361,81,70.15,0.771,98.18,0.102,0
1,2026-10-06 18:33:41.691361,82,67.59,0.649,102.48,0.104,0
1,2026-10-06 18:38:41.691361,83,66.94,0.626,101.0,0.107,0
1,2026-10-06 18:43:41.691361,84,68.74,0.626,99.59,0.109,0
1,2026-10-06 18:48:41.691361,85,66.66,0.64,99.33,0.112,0
1,2026-10-06 18:53:41.691361,86,68.68,0.631,100.39,0.115,0
1,2026-10-06 18:58:41.691361,87,69.71,0.673,100.15,0.117,0
1,2026-10-06 19:03:41.691361,88,68.65,0.672,98.49,0.12,0
1,2026-10-06 19:08:41.691361,89,69.07,0.674,102.66,0.123,0
1,2026-10-06 19:13:41.691361,90,70.67,0.705,98.32,0.126,0
1,2026-10-06 19:18:41.691361,91,67.55,0.752,99.8,0.128,0
1,2026-10-06 19:23:41.691361,92,69.56,0.612,100.74,0.131,0
1,2026-10-06 19:28:41.691361,93,69.63,0.651,98.59,0.134,0
1,2026-10-06 19:33:41.691361,94,69.5,0.717,98.8,0.137,0
1,2026-10-06 19:38:41.691361,95,69.16,0.709,99.4,0.14,0
1,2026-10-06 19:43:41.691361,96,71.15,0.601,98.76,0.143,0
1,2026-10-06 19:48:41.691361,97,69.7,0.751,98.5,0.146,0
1,2026-10-06 19:53:41.691361,98,67.49,0.76,101.59,0.149,0
1,2026-10-06 19:58:41.691361,99,67.87,0.795,98.44,0.152,0
1,2026-10-06 20:03:41.691361,100,69.74,0.707,98.37,0.155,0
1,2026-10-06 20:08:41.691361,101,71.48,0.796,101.41,0.158,0
1,2026-10-06 20:13:41.691361,102,71.45,0.797,101.36,0.161,0
1,2026-10-06 20:18:41.691361,103,70.67,0.824,98.24,0.164,0
1,2026-10-06 20:23:41.691361,104,70.34,0.756,100.11,0.168,0
1,2026-10-06 20:28:41.691361,105,68.96,0.838,98.27,0.171,0
1,2026-10-06 20:33:41.691361,106,71.89,0.845,101.22,0.174,0
1,2026-10-06 20:38:41.691361,107,71.48,0.737,98.32,0.177,0
1,2026-10-06 20:43:41.691361,108,69.31,0.798,100.62,0.181,0
1,2026-10-06 20:48:41.691361,109,71.6,0.797,96.77,0.184,0
1,2026-10-06 20:53:41.691361,110,70.99,0.78,97.22,0.188,0
1,2026-10-06 20:58:41.691361,111,71.45,0.907,99.07,0.191,0
1,2026-10-06 21:03:41.691361,112,68.44,0.873,98.19,0.194,0
1,2026-10-06 21:08:41.691361,113,71.81,0.947,94.92,0.198,0
1,2026-10-06 21:13:41.691361,114,70.73,0.905,95.57,0.201,0
1,2026-10-06 21:18:41.691361,115,73.33,0.903,99.14,0.205,0
1,2026-10-06 21:23:41.691361,116,71.0,0.934,99.41,0.209,0
1,2026-10-06 21:28:41.691361,117,72.09,0.914,98.14,0.212,0
1,2026-10-06 21:33:41.691361,118,70.91,0.904,97.43,0.216,0
1,2026-10-06 21:38:41.691361,119,72.53,0.97,96.0,0.219,0
1,2026-10-06 21:43:41.691361,120,72.05,1.004,96.39,0.223,0
1,2026-10-06 21:48:41.691361,121,71.34,0.949,98.7,0.227,0
1,2026-10-06 21:53:41.691361,122,72.48,1.015,98.64,0.231,0
1,2026-10-06 21:58:41.691361,123,73.61,0.986,100.78,0.234,0
1,2026-10-06 22:03:41.691361,124,72.48,0.867,99.61,0.238,0
1,2026-10-06 22:08:41.691361,125,72.32,0.983,99.09,0.242,0
1,2026-10-06 22:13:41.691361,126,71.08,0.924,94.65,0.246,0
1,2026-10-06 22:18:41.691361,127,72.19,1.019,97.76,0.25,0
1,2026-10-06 22:23:41.691361,128,73.61,0.936,93.43,0.254,0
1,2026-10-06 22:28:41.691361,129,73.48,0.993,97.5,0.258,0
1,2026-10-06 22:33:41.691361,130,74.4,1.034,97.87,0.262,0
1,2026-10-06 22:38:41.691361,131,73.97,1.063,95.6,0.266,0
1,2026-10-06 22:43:41.691361,132,73.63,1.057,97.8,0.27,0
1,2026-10-06 22:48:41.691361,133,73.51,1.083,96.09,0.274,0
1,2026-10-06 22:53:41.691361,134,73.99,1.109,93.42,0.278,0
1,2026-10-06 22:58:41.691361,135,72.72,1.004,92.82,0.282,0
1,2026-10-06 23:03:41.691361,136,73.61,1.126,95.81,0.287,0
1,2026-10-06 23:08:41.691361,137,74.81,1.153,98.15,0.291,0
1,2026-10-06 23:13:41.691361,138,74.64,1.177,96.21,0.295,0
1,2026-10-06 23:18:41.691361,139,73.87,1.091,93.76,0.299,0
1,2026-10-06 23:23:41.691361,140,73.96,1.113,97.1,0.304,0
1,2026-10-06 23:28:41.691361,141,77.24,1.073,96.4,0.308,0
1,2026-10-06 23:33:41.691361,142,74.08,1.177,95.53,0.313,0
1,2026-10-06 23:38:41.691361,143,73.29,1.211,94.73,0.317,0
1,2026-10-06 23:43:41.691361,144,75.0,1.122,94.56,0.321,0
1,2026-10-06 23:48:41.691361,145,76.31,1.177,95.95,0.326,0
1,2026-10-06 23:53:41.691361,146,76.39,1.264,94.85,0.33,0
1,2026-10-06 23:58:41.691361,147,74.34,1.262,94.78,0.335,0
1,2026-10-07 00:03:41.691361,148,77.61,1.24,94.99,0.34,0
1,2026-10-07 00:08:41.691361,149,76.85,1.33,98.21,0.344,0
1,2026-10-07 00:13:41.691361,150,76.68,1.252,96.61,0.349,0
1,2026-10-07 00:18:41.691361,151,75.74,1.272,94.87,0.353,0
1,2026-10-07 00:23:41.691361,152,77.3,1.225,92.43,0.358,0
1,2026-10-07 00:28:41.691361,153,74.6,1.223,94.03,0.363,0
1,2026-10-07 00:33:41.691361,154,76.9,1.388,96.28,0.368,0
1,2026-10-07 00:38:41.691361,155,76.27,1.32,93.92,0.372,0
1,2026-10-07 00:43:41.691361,156,77.25,1.324,95.36,0.377,0
1,2026-10-07 00:48:41.691361,157,77.35,1.38,92.62,0.382,0
1,2026-10-07 00:53:41.691361,158,77.94,1.469,94.57,0.387,0
1,2026-10-07 00:58:41.691361,159,79.82,1.356,95.01,0.392,0
1,2026-10-07 01:03:41.691361,160,78.21,1.355,92.87,0.397,0
1,2026-10-07 01:08:41.691361,161,78.97,1.334,94.94,0.402,0
1,2026-10-07 01:13:41.691361,162,79.93,1.407,93.41,0.407,0
1,2026-10-07 01:18:41.691361,163,79.35,1.386,95.14,0.412,0
1,2026-10-07 01:23:41.691361,164,76.78,1.397,90.65,0.417,0
1,2026-10-07 01:28:41.691361,165,77.36,1.495,94.88,0.422,0
1,2026-10-07 01:33:41.691361,166,78.47,1.364,88.98,0.427,0
1,2026-10-07 01:38:41.691361,167,78.87,1.573,93.98,0.432,0
1,2026-10-07 01:43:41.691361,168,79.03,1.489,90.88,0.437,0
1,2026-10-07 01:48:41.691361,169,79.53,1.483,92.99,0.443,0
1,2026-10-07 01:53:41.691361,170,81.02,1.509,94.02,0.448,0
1,2026-10-07 01:58:41.691361,171,79.43,1.55,95.35,0.453,0
1,2026-10-07 02:03:41.691361,172,79.27,1.474,94.81,0.459,0
1,2026-10-07 02:08:41.691361,173,80.4,1.602,92.03,0.464,0
1,2026-10-07 02:13:41.691361,174,82.56,1.551,92.98,0.469,0
1,2026-10-07 02:18:41.691361,175,82.88,1.54,91.07,0.475,0
1,2026-10-07 02:23:41.691361,176,80.66,1.595,90.02,0.48,0
1,2026-10-07 02:28:41.691361,177,82.15,1.559,93.98,0.486,0
1,2026-10-07 02:33:41.691361,178,78.7,1.56,89.62,0.491,0
1,2026-10-07 02:38:41.691361,179,80.78,1.626,91.77,0.497,0
1,2026-10-07 02:43:41.691361,180,81.66,1.619,92.23,0.502,0
1,2026-10-07 02:48:41.691361,181,80.95,1.677,92.81,0.508,0
1,2026-10-07 02:53:41.691361,182,82.82,1.683,92.15,0.513,0
1,2026-10-07 02:58:41.691361,183,85.0,1.665,91.13,0.519,0
1,2026-10-07 03:03:41.691361,184,81.85,1.632,89.61,0.525,0
1,2026-10-07 03:08:41.691361,185,81.89,1.694,91.87,0.53,0
1,2026-10-07 03:13:41.691361,186,83.22,1.674,92.6,0.536,0
1,2026-10-07 03:18:41.691361,187,84.25,1.719,90.15,0.542,0
1,2026-10-07 03:23:41.691361,188,84.22,1.751,88.84,0.548,0
1,2026-10-07 03:28:41.691361,189,83.69,1.769,89.55,0.554,0
1,2026-10-07 03:33:41.691361,190,84.2,1.698,92.79,0.56,0
1,2026-10-07 03:38:41.691361,191,85.68,1.773,91.21,0.565,0
1,2026-10-07 03:43:41.691361,192,81.5,1.742,90.11,0.571,0
1,2026-10-07 03:48:41.691361,193,83.31,1.851,93.42,0.577,0
1,2026-10-07 03:53:41.691361,194,83.39,1.788,90.66,0.583,0
1,2026-10-07 03:58:41.691361,195,86.95,1.784,90.56,0.589,0
1,2026-10-07 04:03:41.691361,196,87.42,1.778,88.14,0.595,0
1,2026-10-07 04:08:41.691361,197,84.93,1.85,91.16,0.602,0
1,2026-10-07 04:13:41.691361,198,85.95,1.802,90.59,0.608,0
1,2026-10-07 04:18:41.691361,199,85.18,1.97,88.76,0.614,0
1,2026-10-07 04:23:41.691361,200,85.32,1.949,90.72,0.62,0
1,2026-10-07 04:28:41.691361,201,86.84,1.853,90.26,0.626,0
1,2026-10-07 04:33:41.691361,202,85.28,1.965,87.19,0.632,0
1,2026-10-07 04:38:41.691361,203,87.28,1.928,87.27,0.639,0
1,2026-10-07 04:43:41.691361,204,87.82,1.996,88.15,0.645,0
1,2026-10-07 04:48:41.691361,205,88.93,1.978,88.99,0.651,0
1,2026-10-07 04:53:41.691361,206,87.73,1.985,89.53,0.658,0
1,2026-10-07 04:58:41.691361,207,86.99,2.012,90.73,0.664,0
1,2026-10-07 05:03:41.691361,208,86.61,1.928,90.98,0.671,0
1,2026-10-07 05:08:41.691361,209,91.14,2.044,85.53,0.677,0
1,2026-10-07 05:13:41.691361,210,87.94,2.066,88.02,0.684,0
1,2026-10-07 05:18:41.691361,211,87.21,2.126,88.96,0.69,0
1,2026-10-07 05:23:41.691361,212,86.98,2.148,91.12,0.697,0
1,2026-10-07 05:28:41.691361,213,89.21,2.113,87.7,0.703,0
1,2026-10-07 05:33:41.691361,214,89.97,2.06,88.02,0.71,0
1,2026-10-07 05:38:41.691361,215,89.0,2.255,87.38,0.716,0
1,2026-10-07 05:43:41.691361,216,91.7,2.124,88.39,0.723,0
1,2026-10-07 05:48:41.691361,217,90.32,2.153,87.64,0.73,0
1,2026-10-07 05:53:41.691361,218,91.63,2.197,84.7,0.737,0
1,2026-10-07 05:58:41.691361,219,90.39,2.185,86.59,0.743,0
1,2026-10-07 06:03:41.691361,220,90.55,2.162,84.55,0.75,0
1,2026-10-07 06:08:41.691361,221,91.46,2.238,82.99,0.757,0
1,2026-10-07 06:13:41.691361,222,92.07,2.295,85.62,0.764,0
1,2026-10-07 06:18:41.691361,223,89.79,2.341,87.08,0.771,0
1,2026-10-07 06:23:41.691361,224,94.47,2.337,87.0,0.778,0
1,2026-10-07 06:28:41.691361,225,91.65,2.374,87.22,0.785,0
1,2026-10-07 06:33:41.691361,226,93.6,2.325,85.49,0.792,0
1,2026-10-07 06:38:41.691361,227,91.77,2.408,88.25,0.799,0
1,2026-10-07 06:43:41.691361,228,92.04,2.365,86.33,0.806,0
1,2026-10-07 06:48:41.691361,229,92.54,2.451,82.34,0.813,0
1,2026-10-07 06:53:41.691361,230,92.1,2.382,82.09,0.82,0
1,2026-10-07 06:58:41.691361,231,92.18,2.394,85.13,0.827,0
1,2026-10-07 07:03:41.691361,232,94.92,2.445,83.74,0.834,0
1,2026-10-07 07:08:41.691361,233,93.77,2.528,83.68,0.841,0
1,2026-10-07 07:13:41.691361,234,93.0,2.521,84.67,0.849,0
1,2026-10-07 07:18:41.691361,235,95.13,2.511,85.91,0.856,0
1,2026-10-07 07:23:41.691361,236,93.36,2.529,84.39,0.863,0
1,2026-10-07 07:28:41.691361,237,93.4,2.47,85.59,0.871,0
1,2026-10-07 07:33:41.691361,238,94.7,2.516,84.27,0.878,0
1,2026-10-07 07:38:41.691361,239,96.73,2.471,82.02,0.885,1
1,2026-10-07 07:43:41.691361,240,94.53,2.677,84.54,0.893,1
1,2026-10-07 07:48:41.691361,241,96.82,2.565,82.29,0.9,1
1,2026-10-07 07:53:41.691361,242,96.7,2.644,84.64,0.908,1
1,2026-10-07 07:58:41.691361,243,96.2,2.674,83.91,0.915,1
1,2026-10-07 08:03:41.691361,244,97.62,2.719,81.09,0.923,1
1,2026-10-07 08:08:41.691361,245,94.26,2.748,85.15,0.93,1
1,2026-10-07 08:13:41.691361,246,95.99,2.624,83.36,0.938,1
1,2026-10-07 08:18:41.691361,247,98.6,2.826,83.84,0.946,1
1,2026-10-07 08:23:41.691361,248,97.31,2.71,82.92,0.953,1
1,2026-10-07 08:28:41.691361,249,97.67,2.724,85.83,0.961,1
1,2026-10-07 08:33:41.691361,250,100.44,2.85,81.22,0.969,1
1,2026-10-07 08:38:41.691361,251,99.59,2.845,83.11,0.977,1
1,2026-10-07 08:43:41.691361,252,100.34,2.864,83.4,0.984,1
1,2026-10-07 08:48:41.691361,253,99.88,2.869,79.46,0.992,1
1,2026-10-07 08:53:41.691361,254,99.49,2.844,80.05,1.0,1
1,2026-10-07 08:58:41.691361,255,101.68,2.978,83.85,1.0,1
1,2026-10-07 09:03:41.691361,256,100.25,2.979,81.68,1.0,1
1,2026-10-07 09:08:41.691361,257,100.46,2.876,82.09,1.0,1
1,2026-10-07 09:13:41.691361,258,100.57,2.886,81.26,1.0,1
1,2026-10-07 09:18:41.691361,259,100.68,3.061,82.52,1.0,1
1,2026-10-07 09:23:41.691361,260,101.08,3.004,81.08,1.0,1
1,2026-10-07 09:28:41.691361,261,101.1,2.957,80.63,1.0,1
1,2026-10-07 09:33:41.691361,262,100.73,2.969,81.46,1.0,1
1,2026-10-07 09:38:41.691361,263,102.38,2.963,80.35,1.0,1
1,2026-10-07 09:43:41.691361,264,103.39,3.125,81.91,1.0,1
1,2026-10-07 09:48:41.691361,265,102.53,3.051,78.58,1.0,1
1,2026-10-07 09:53:41.691361,266,103.19,3.132,81.97,1.0,1
1,2026-10-07 09:58:41.691361,267,104.38,3.128,78.01,1.0,1
1,2026-10-07 10:03:41.691361,268,102.97,3.166,79.41,1.0,1
1,2026-10-07 10:08:41.691361,269,102.95,3.188,78.79,1.0,1
1,2026-10-07 10:13:41.691361,270,103.18,3.212,78.77,1.0,1
1,2026-10-07 10:18:41.691361,271,104.52,3.231,77.5,1.0,1
1,2026-10-07 10:23:41.691361,272,103.95,3.31,77.3,1.0,1
1,2026-10-07 10:28:41.691361,273,102.28,3.167,78.91,1.0,1
1,2026-10-07 10:33:41.691361,274,105.15,3.275,80.52,1.0,1
1,2026-10-07 10:38:41.691361,275,102.21,3.322,80.87,1.0,1
1,2026-10-07 10:43:41.691361,276,104.36,3.305,77.23,1.0,1
1,2026-10-07 10:48:41.691361,277,104.94,3.329,80.33,1.0,1
1,2026-10-07 10:53:41.691361,278,108.52,3.35,80.87,1.0,1
1,2026-10-07 10:58:41.691361,279,106.66,3.476,77.7,1.0,1
1,2026-10-07 11:03:41.691361,280,107.08,3.428,82.44,1.0,1
1,2026-10-07 11:08:41.691361,281,108.25,3.396,78.95,1.0,1
1,2026-10-07 11:13:41.691361,282,107.1,3.429,78.68,1.0,1
1,2026-10-07 11:18:41.691361,283,107.87,3.489,77.17,1.0,1
1,2026-10-07 11:23:41.691361,284,108.55,3.518,74.06,1.0,1
1,2026-10-07 11:28:41.691361,285,109.25,3.47,74.63,1.0,1
1,2026-10-07 11:33:41.691361,286,108.69,3.546,75.58,1.0,1
1,2026-10-07 11:38:41.691361,287,110.07,3.496,75.83,1.0,1
1,2026-10-07 11:43:41.691361,288,108.68,3.583,76.68,1.0,1
1,2026-10-07 11:48:41.691361,289,108.49,3.644,76.18,1.0,1
1,2026-10-07 11:53:41.691361,290,107.74,3.533,75.88,1.0,1
1,2026-10-07 11:58:41.691361,291,110.06,3.648,75.68,1.0,1
1,2026-10-07 12:03:41.691361,292,110.92,3.723,73.88,1.0,1
1,2026-10-07 12:08:41.691361,293,109.56,3.644,75.79,1.0,1
1,2026-10-07 12:13:41.691361,294,112.77,3.7,71.43,1.0,1
1,2026-10-07 12:18:41.691361,295,109.56,3.702,74.16,1.0,1
1,2026-10-07 12:23:41.691361,296,111.43,3.769,74.35,1.0,1
1,2026-10-07 12:28:41.691361,297,113.5,3.756,73.34,1.0,1
1,2026-10-07 12:33:41.691361,298,113.14,3.736,75.03,1.0,1
1,2026-10-07 12:38:41.691361,299,113.01,3.829,76.64,1.0,1
1,2026-10-07 12:43:41.691361,300,112.47,3.962,73.74,1.0,1
1,2026-10-07 12:48:41.691361,301,112.01,3.886,72.27,1.0,1
1,2026-10-07 12:53:41.691361,302,112.96,3.926,74.53,1.0,1
1,2026-10-07 12:58:41.691361,303,113.45,3.979,75.25,1.0,1
1,2026-10-07 13:03:41.691361,304,116.25,3.979,75.37,1.0,1
1,2026-10-07 13:08:41.691361,305,112.6,3.961,71.84,1.0,1
1,2026-10-07 13:13:41.691361,306,115.33,3.972,72.7,1.0,1
1,2026-10-07 13:18:41.691361,307,117.78,4.015,73.38,1.0,1
1,2026-10-07 13:23:41.691361,308,115.57,4.051,72.57,1.0,1
1,2026-10-07 13:28:41.691361,309,116.73,4.13,74.85,1.0,1
1,2026-10-07 13:33:41.691361,310,116.89,4.125,70.46,1.0,1
1,2026-10-07 13:38:41.691361,311,116.75,4.167,73.29,1.0,1
1,2026-10-07 13:43:41.691361,312,117.45,4.188,72.53,1.0,1
1,2026-10-07 13:48:41.691361,313,118.98,4.182,71.07,1.0,1
1,2026-10-07 13:53:41.691361,314,118.28,4.046,71.98,1.0,1
1,2026-10-07 13:58:41.691361,315,113.84,4.131,71.89,1.0,1
1,2026-10-07 14:03:41.691361,316,119.13,4.183,69.95,1.0,1
1,2026-10-07 14:08:41.691361,317,120.55,4.241,74.19,1.0,1
1,2026-10-07 14:13:41.691361,318,119.25,4.311,73.05,1.0,1
1,2026-10-07 14:18:41.691361,319,119.75,4.265,70.26,1.0,1
1,2026-10-07 14:23:41.691361,320,119.9,4.271,69.85,1.0,1
1,2026-10-07 14:28:41.691361,321,119.4,4.411,70.08,1.0,1
1,2026-10-07 14:33:41.691361,322,120.3,4.384,70.17,1.0,1
1,2026-10-07 14:38:41.691361,323,121.73,4.364,68.07,1.0,1
1,2026-10-07 14:43:41.691361,324,122.66,4.419,67.31,1.0,1
1,2026-10-07 14:48:41.691361,325,122.22,4.488,66.93,1.0,1
1,2026-10-07 14:53:41.691361,326,122.32,4.527,69.59,1.0,1
1,2026-10-07 14:58:41.691361,327,123.16,4.445,69.32,1.0,1
1,2026-10-07 15:03:41.691361,328,122.39,4.516,69.93,1.0,1
1,2026-10-07 15:08:41.691361,329,124.88,4.656,70.39,1.0,1
1,2026-10-07 15:13:41.691361,330,123.34,4.609,69.36,1.0,1
1,2026-10-07 15:18:41.691361,331,123.97,4.624,69.25,1.0,1
1,2026-10-07 15:23:41.691361,332,124.11,4.606,67.18,1.0,1
1,2026-10-07 15:28:41.691361,333,125.31,4.669,68.11,1.0,1
1,2026-10-07 15:33:41.691361,334,125.71,4.676,68.53,1.0,1
1,2026-10-07 15:38:41.691361,335,125.73,4.659,69.35,1.0,1
1,2026-10-07 15:43:41.691361,336,125.03,4.664,65.41,1.0,1
1,2026-10-07 15:48:41.691361,337,124.77,4.775,66.36,1.0,1
1,2026-10-07 15:53:41.691361,338,125.96,4.83,67.07,1.0,1
1,2026-10-07 15:58:41.691361,339,127.11,4.845,67.27,1.0,1
1,2026-10-07 16:03:41.691361,340,124.57,4.833,62.87,1.0,1
1,2026-10-07 16:08:41.691361,341,127.51,4.877,67.49,1.0,1
1,2026-10-07 16:13:41.691361,342,129.27,4.914,64.96,1.0,1
1,2026-10-07 16:18:41.691361,343,128.8,4.904,65.5,1.0,1
1,2026-10-07 16:23:41.691361,344,129.77,4.929,66.5,1.0,1
1,2026-10-07 16:28:41.691361,345,129.77,4.936,66.54,1.0,1
1,2026-10-07 16:33:41.691361,346,130.17,5.016,63.72,1.0,1
1,2026-10-07 16:38:41.691361,347,128.68,5.011,65.46,1.0,1
1,2026-10-07 16:43:41.691361,348,128.94,5.086,62.57,1.0,1
1,2026-10-07 16:48:41.691361,349,130.22,5.097,67.88,1.0,1
1,2026-10-07 16:53:41.691361,350,129.19,5.192,64.22,1.0,1
1,2026-10-07 16:58:41.691361,351,131.72,5.152,64.45,1.0,1
1,2026-10-07 17:03:41.691361,352,131.42,5.246,62.88,1.0,1
1,2026-10-07 17:08:41.691361,353,133.35,5.168,63.25,1.0,1
1,2026-10-07 17:13:41.691361,354,131.09,5.25,65.29,1.0,1
1,2026-10-07 17:18:41.691361,355,132.66,5.245,61.23,1.0,1
1,2026-10-07 17:23:41.691361,356,132.87,5.203,61.32,1.0,1
1,2026-10-07 17:28:41.691361,357,133.8,5.376,66.68,1.0,1
1,2026-10-07 17:33:41.691361,358,133.21,5.41,62.61,1.0,1
1,2026-10-07 17:38:41.691361,359,134.13,5.387,62.11,1.0,1
1,2026-10-07 17:43:41.691361,360,134.83,5.373,59.7,1.0,1
1,2026-10-07 17:48:41.691361,361,133.24,5.454,61.16,1.0,1
1,2026-10-07 17:53:41.691361,362,134.76,5.45,62.54,1.0,1
1,2026-10-07 17:58:41.691361,363,136.09,5.445,62.96,1.0,1
1,2026-10-07 18:03:41.691361,364,138.16,5.531,62.36,1.0,1
1,2026-10-07 18:08:41.691361,365,138.15,5.591,61.59,1.0,1
1,2026-10-07 18:13:41.691361,366,137.78,5.589,58.8,1.0,1
1,2026-10-07 18:18:41.691361,367,138.3,5.523,59.03,1.0,1
1,2026-10-07 18:23:41.691361,368,139.42,5.661,62.22,1.0,1
1,2026-10-07 18:28:41.691361,369,137.93,5.59,59.4,1.0,1
1,2026-10-07 18:33:41.691361,370,138.78,5.681,61.24,1.0,1
1,2026-10-07 18:38:41.691361,371,138.63,5.723,57.82,1.0,1
1,2026-10-07 18:43:41.691361,372,140.0,5.734,57.95,1.0,1
1,2026-10-07 18:48:41.691361,373,139.58,5.754,58.44,1.0,1
1,2026-10-07 18:53:41.691361,374,142.4,5.787,58.25,1.0,1
1,2026-10-07 18:58:41.691361,375,138.16,5.776,57.99,1.0,1
1,2026-10-07 19:03:41.691361,376,140.26,5.919,57.9,1.0,1
1,2026-10-07 19:08:41.691361,377,143.04,5.882,57.97,1.0,1
1,2026-10-07 19:13:41.691361,378,141.8,5.909,60.26,1.0,1
1,2026-10-07 19:18:41.691361,379,139.53,5.838,56.63,1.0,1
1,2026-10-07 19:23:41.691361,380,142.74,6.002,57.92,1.0,1
1,2026-10-07 19:28:41.691361,381,142.68,6.048,58.52,1.0,1
1,2026-10-07 19:33:41.691361,382,143.77,6.074,57.15,1.0,1
1,2026-10-07 19:38:41.691361,383,143.29,6.091,56.67,1.0,1
1,2026-10-07 19:43:41.691361,384,144.39,6.159,52.59,1.0,1
1,2026-10-07 19:48:41.691361,385,143.1,6.056,55.48,1.0,1
1,2026-10-07 19:53:41.691361,386,144.91,6.07,54.31,1.0,1
1,2026-10-07 19:58:41.691361,387,144.61,6.298,58.25,1.0,1
1,2026-10-07 20:03:41.691361,388,145.56,6.187,53.58,1.0,1
1,2026-10-07 20:08:41.691361,389,144.19,6.23,53.57,1.0,1
1,2026-10-07 20:13:41.691361,390,146.8,6.186,53.68,1.0,1
1,2026-10-07 20:18:41.691361,391,147.51,6.314,55.21,1.0,1
1,2026-10-07 20:23:41.691361,392,146.17,6.369,53.14,1.0,1
1,2026-10-07 20:28:41.691361,393,148.94,6.356,52.03,1.0,1
1,2026-10-07 20:33:41.691361,394,148.23,6.405,54.77,1.0,1
1,2026-10-07 20:38:41.691361,395,148.86,6.494,55.12,1.0,1
1,2026-10-07 20:43:41.691361,396,149.15,6.486,56.26,1.0,1
1,2026-10-07 20:48:41.691361,397,152.24,6.418,51.72,1.0,1
1,2026-10-07 20:53:41.691361,398,152.11,6.457,50.88,1.0,1
1,2026-10-07 20:58:41.691361,399,150.17,6.562,52.47,1.0,1
2,2026-10-06 11:43:41.691361,0,67.55,0.378,99.05,0.0,0
2,2026-10-06 11:48:41.691361,1,69.67,0.24,98.33,0.0,0
2,2026-10-06 11:53:41.691361,2,67.75,0.132,96.54,0.0,0
2,2026-10-06 11:58:41.691361,3,66.43,0.152,96.81,0.0,0
2,2026-10-06 12:03:41.691361,4,70.2,0.262,100.54,0.0,0
2,2026-10-06 12:08:41.691361,5,69.1,0.304,97.25,0.0,0
2,2026-10-06 12:13:41.691361,6,69.24,0.301,97.74,0.0,0
2,2026-10-06 12:18:41.691361,7,69.29,0.293,97.78,0.0,0
2,2026-10-06 12:23:41.691361,8,67.27,0.206,98.73,0.0,0
2,2026-10-06 12:28:41.691361,9,69.02,0.226,98.64,0.001,0
2,2026-10-06 12:33:41.691361,10,69.31,0.297,100.92,0.001,0
2,2026-10-06 12:38:41.691361,11,70.17,0.216,101.11,0.001,0
2,2026-10-06 12:43:41.691361,12,68.0,0.319,98.69,0.001,0
2,2026-10-06 12:48:41.691361,13,68.15,0.177,98.32,0.001,0
2,2026-10-06 12:53:41.691361,14,66.78,0.316,100.85,0.001,0
2,2026-10-06 12:58:41.691361,15,67.71,0.283,97.49,0.002,0
2,2026-10-06 13:03:41.691361,16,67.92,0.308,98.51,0.002,0
2,2026-10-06 13:08:41.691361,17,70.77,0.245,100.06,0.002,0
2,2026-10-06 13:13:41.691361,18,68.81,0.31,97.89,0.002,0
2,2026-10-06 13:18:41.691361,19,68.64,0.265,97.3,0.003,0
2,2026-10-06 13:23:41.691361,20,69.5,0.304,99.44,0.003,0
2,2026-10-06 13:28:41.691361,21,70.56,0.345,97.98,0.003,0
2,2026-10-06 13:33:41.691361,22,69.18,0.242,98.57,0.004,0
2,2026-10-06 13:38:41.691361,23,68.02,0.355,99.07,0.004,0
2,2026-10-06 13:43:41.691361,24,68.49,0.335,95.26,0.004,0
2,2026-10-06 13:48:41.691361,25,66.35,0.316,98.6,0.005,0
2,2026-10-06 13:53:41.691361,26,69.08,0.211,98.47,0.005,0
2,2026-10-06 13:58:41.691361,27,71.2,0.319,98.75,0.006,0
2,2026-10-06 14:03:41.691361,28,68.28,0.259,95.29,0.006,0
2,2026-10-06 14:08:41.691361,29,69.14,0.322,96.12,0.006,0
2,2026-10-06 14:13:41.691361,30,68.05,0.223,97.02,0.007,0
2,2026-10-06 14:18:41.691361,31,68.92,0.178,99.38,0.007,0
2,2026-10-06 14:23:41.691361,32,69.78,0.271,94.73,0.008,0
2,2026-10-06 14:28:41.691361,33,67.7,0.346,94.28,0.008,0
2,2026-10-06 14:33:41.691361,34,68.49,0.227,99.64,0.009,0
2,2026-10-06 14:38:41.691361,35,68.12,0.308,99.27,0.009,0
2,2026-10-06 14:43:41.691361,36,71.15,0.279,98.97,0.01,0
2,2026-10-06 14:48:41.691361,37,67.18,0.35,97.26,0.01,0
2,2026-10-06 14:53:41.691361,38,68.31,0.29,96.04,0.011,0
2,2026-10-06 14:58:41.691361,39,69.28,0.341,98.82,0.012,0
2,2026-10-06 15:03:41.691361,40,67.12,0.288,99.48,0.012,0
2,2026-10-06 15:08:41.691361,41,66.8,0.242,99.67,0.013,0
2,2026-10-06 15:13:41.691361,42,69.4,0.318,101.13,0.013,0
2,2026-10-06 15:18:41.691361,43,69.66,0.332,102.39,0.014,0
2,2026-10-06 15:23:41.691361,44,68.86,0.261,98.96,0.015,0
2,2026-10-06 15:28:41.691361,45,69.67,0.276,96.75,0.015,0
2,2026-10-06 15:33:41.691361,46,71.94,0.321,97.19,0.016,0
2,2026-10-06 15:38:41.691361,47,70.29,0.301,97.89,0.017,0
2,2026-10-06 15:43:41.691361,48,69.89,0.243,98.79,0.017,0
2,2026-10-06 15:48:41.691361,49,71.54,0.333,97.68,0.018,0
2,2026-10-06 15:53:41.691361,50,68.66,0.291,97.85,0.019,0
2,2026-10-06 15:58:41.691361,51,68.84,0.359,95.61,0.02,0
2,2026-10-06 16:03:41.691361,52,70.36,0.296,98.76,0.021,0
2,2026-10-06 16:08:41.691361,53,68.0,0.384,100.05,0.021,0
2,2026-10-06 16:13:41.691361,54,70.53,0.244,99.41,0.022,0
2,2026-10-06 16:18:41.691361,55,69.89,0.241,98.11,0.023,0
2,2026-10-06 16:23:41.691361,56,69.87,0.351,98.4,0.024,0
2,2026-10-06 16:28:41.691361,57,69.82,0.399,99.95,0.025,0
2,2026-10-06 16:33:41.691361,58,66.06,0.312,97.85,0.026,0
2,2026-10-06 16:38:41.691361,59,67.42,0.335,99.95,0.026,0
2,2026-10-06 16:43:41.691361,60,68.26,0.349,96.69,0.027,0
2,2026-10-06 16:48:41.691361,61,68.78,0.409,97.23,0.028,0
2,2026-10-06 16:53:41.691361,62,70.18,0.243,100.82,0.029,0
2,2026-10-06 16:58:41.691361,63,70.38,0.33,98.87,0.03,0
2,2026-10-06 17:03:41.691361,64,68.0,0.401,97.5,0.031,0
2,2026-10-06 17:08:41.691361,65,69.48,0.32,97.1,0.032,0
2,2026-10-06 17:13:41.691361,66,70.59,0.36,98.92,0.033,0
2,2026-10-06 17:18:41.691361,67,69.78,0.375,97.3,0.034,0
2,2026-10-06 17:23:41.691361,68,72.51,0.273,99.8,0.035,0
2,2026-10-06 17:28:41.691361,69,71.51,0.312,101.23,0.036,0
2,2026-10-06 17:33:41.691361,70,71.1,0.406,97.91,0.037,0
2,2026-10-06 17:38:41.691361,71,69.68,0.349,98.43,0.038,0
2,2026-10-06 17:43:41.691361,72,71.66,0.371,96.45,0.039,0
2,2026-10-06 17:48:41.691361,73,71.01,0.411,98.78,0.04,0
2,2026-10-06 17:53:41.691361,74,70.95,0.354,96.38,0.042,0
2,2026-10-06 17:58:41.691361,75,69.06,0.289,98.11,0.043,0
2,2026-10-06 18:03:41.691361,76,70.04,0.352,93.3,0.044,0
2,2026-10-06 18:08:41.691361,77,68.68,0.433,96.71,0.045,0
2,2026-10-06 18:13:41.691361,78,70.65,0.31,99.84,0.046,0
2,2026-10-06 18:18:41.691361,79,70.09,0.397,101.15,0.047,0
2,2026-10-06 18:23:41.691361,80,72.12,0.37,96.75,0.049,0
2,2026-10-06 18:28:41.691361,81,69.95,0.414,97.45,0.05,0
2,2026-10-06 18:33:41.691361,82,69.91,0.465,97.42,0.051,0
2,2026-10-06 18:38:41.691361,83,73.19,0.399,100.24,0.052,0
2,2026-10-06 18:43:41.691361,84,70.91,0.446,96.45,0.054,0
2,2026-10-06 18:48:41.691361,85,69.5,0.424,98.99,0.055,0
2,2026-10-06 18:53:41.691361,86,70.62,0.34,95.44,0.056,0
2,2026-10-06 18:58:41.691361,87,68.9,0.319,97.62,0.057,0
2,2026-10-06 19:03:41.691361,88,72.01,0.41,94.04,0.059,0
2,2026-10-06 19:08:41.691361,89,70.48,0.406,100.55,0.06,0
2,2026-10-06 19:13:41.691361,90,69.01,0.398,99.94,0.061,0
2,2026-10-06 19:18:41.691361,91,71.34,0.449,97.52,0.063,0
2,2026-10-06 19:23:41.691361,92,71.25,0.464,96.11,0.064,0
2,2026-10-06 19:28:41.691361,93,71.95,0.36,97.79,0.066,0
2,2026-10-06 19:33:41.691361,94,71.16,0.401,97.23,0.067,0
2,2026-10-06 19:38:41.691361,95,70.25,0.382,96.71,0.068,0
2,2026-10-06 19:43:41.691361,96,69.73,0.455,95.48,0.07,0
2,2026-10-06 19:48:41.691361,97,71.96,0.384,96.33,0.071,0
2,2026-10-06 19:53:41.691361,98,70.4,0.513,97.65,0.073,0
2,2026-10-06 19:58:41.691361,99,70.95,0.475,93.96,0.074,0
2,2026-10-06 20:03:41.691361,100,71.21,0.554,97.29,0.076,0
2,2026-10-06 20:08:41.691361,101,71.39,0.485,98.4,0.077,0
2,2026-10-06 20:13:41.691361,102,68.97,0.377,97.34,0.079,0
2,2026-10-06 20:18:41.691361,103,70.56,0.531,96.52,0.081,0
2,2026-10-06 20:23:41.691361,104,69.15,0.406,92.84,0.082,0
2,2026-10-06 20:28:41.691361,105,71.25,0.464,96.3,0.084,0
2,2026-10-06 20:33:41.691361,106,72.88,0.537,96.65,0.085,0
2,2026-10-06 20:38:41.691361,107,69.08,0.512,97.7,0.087,0
2,2026-10-06 20:43:41.691361,108,72.07,0.534,95.09,0.089,0
2,2026-10-06 20:48:41.691361,109,74.17,0.442,97.93,0.09,0
2,2026-10-06 20:53:41.691361,110,69.79,0.447,99.05,0.092,0
2,2026-10-06 20:58:41.691361,111,71.56,0.54,97.09,0.094,0
2,2026-10-06 21:03:41.691361,112,71.81,0.57,96.35,0.095,0
2,2026-10-06 21:08:41.691361,113,69.86,0.466,97.5,0.097,0
2,2026-10-06 21:13:41.691361,114,72.53,0.432,95.55,0.099,0
2,2026-10-06 21:18:41.691361,115,71.42,0.497,94.54,0.1,0
2,2026-10-06 21:23:41.691361,116,71.42,0.483,97.72,0.102,0
2,2026-10-06 21:28:41.691361,117,73.21,0.517,95.94,0.104,0
2,2026-10-06 21:33:41.691361,118,72.47,0.487,94.77,0.106,0
2,2026-10-06 21:38:41.691361,119,71.24,0.501,94.71,0.107,0
2,2026-10-06 21:43:41.691361,120,72.62,0.574,94.04,0.109,0
2,2026-10-06 21:48:41.691361,121,72.52,0.531,96.9,0.111,0
2,2026-10-06 21:53:41.691361,122,72.54,0.474,94.45,0.113,0
2,2026-10-06 21:58:41.691361,123,72.66,0.603,92.99,0.115,0
2,2026-10-06 22:03:41.691361,124,73.1,0.615,96.04,0.117,0
2,2026-10-06 22:08:41.691361,125,73.41,0.525,96.06,0.119,0
2,2026-10-06 22:13:41.691361,126,70.87,0.448,97.61,0.12,0
2,2026-10-06 22:18:41.691361,127,71.7,0.547,94.08,0.122,0
2,2026-10-06 22:23:41.691361,128,71.26,0.566,95.03,0.124,0
2,2026-10-06 22:28:41.691361,129,73.48,0.602,96.56,0.126,0
2,2026-10-06 22:33:41.691361,130,73.38,0.664,94.44,0.128,0
2,2026-10-06 22:38:41.691361,131,73.1,0.646,97.9,0.13,0
2,2026-10-06 22:43:41.691361,132,71.52,0.579,98.0,0.132,0
2,2026-10-06 22:48:41.691361,133,73.91,0.609,95.6,0.134,0
2,2026-10-06 22:53:41.691361,134,72.91,0.619,95.5,0.136,0
2,2026-10-06 22:58:41.691361,135,73.39,0.614,94.82,0.138,0
2,2026-10-06 23:03:41.691361,136,74.15,0.761,93.13,0.14,0
2,2026-10-06 23:08:41.691361,137,73.98,0.582,96.62,0.142,0
2,2026-10-06 23:13:41.691361,138,73.72,0.663,97.48,0.145,0
2,2026-10-06 23:18:41.691361,139,73.97,0.687,92.16,0.147,0
2,2026-10-06 23:23:41.691361,140,75.72,0.655,97.25,0.149,0
2,2026-10-06 23:28:41.691361,141,72.42,0.6,95.81,0.151,0
2,2026-10-06 23:33:41.691361,142,73.94,0.661,97.17,0.153,0
2,2026-10-06 23:38:41.691361,143,71.92,0.701,95.52,0.155,0
2,2026-10-06 23:43:41.691361,144,73.87,0.584,96.21,0.157,0
2,2026-10-06 23:48:41.691361,145,71.29,0.695,93.18,0.16,0
2,2026-10-06 23:53:41.691361,146,74.33,0.663,97.13,0.162,0
2,2026-10-06 23:58:41.691361,147,74.13,0.639,94.57,0.164,0
2,2026-10-07 00:03:41.691361,148,75.95,0.706,94.7,0.166,0
2,2026-10-07 00:08:41.691361,149,74.22,0.607,95.82,0.168,0
2,2026-10-07 00:13:41.691361,150,72.47,0.729,95.39,0.171,0
2,2026-10-07 00:18:41.691361,151,77.52,0.642,94.99,0.173,0
2,2026-10-07 00:23:41.691361,152,76.9,0.762,94.06,0.175,0
2,2026-10-07 00:28:41.691361,153,75.09,0.708,95.48,0.178,0
2,2026-10-07 00:33:41.691361,154,74.06,0.71,92.61,0.18,0
2,2026-10-07 00:38:41.691361,155,75.15,0.742,94.62,0.182,0
2,2026-10-07 00:43:41.691361,156,73.13,0.775,95.46,0.185,0
2,2026-10-07 00:48:41.691361,157,74.28,0.718,92.62,0.187,0
2,2026-10-07 00:53:41.691361,158,74.0,0.711,96.66,0.189,0
2,2026-10-07 00:58:41.691361,159,74.55,0.776,93.96,0.192,0
2,2026-10-07 01:03:41.691361,160,75.7,0.743,96.03,0.194,0
2,2026-10-07 01:08:41.691361,161,74.85,0.677,92.6,0.197,0
2,2026-10-07 01:13:41.691361,162,74.94,0.7,95.24,0.199,0
2,2026-10-07 01:18:41.691361,163,75.1,0.887,91.97,0.202,0
2,2026-10-07 01:23:41.691361,164,75.99,0.718,93.79,0.204,0
2,2026-10-07 01:28:41.691361,165,76.0,0.664,94.83,0.207,0
2,2026-10-07 01:33:41.691361,166,78.21,0.764,94.81,0.209,0
2,2026-10-07 01:38:41.691361,167,77.24,0.785,93.5,0.212,0
2,2026-10-07 01:43:41.691361,168,73.37,0.832,94.15,0.214,0
2,2026-10-07 01:48:41.691361,169,74.97,0.812,93.4,0.217,0
2,2026-10-07 01:53:41.691361,170,75.65,0.843,92.21,0.219,0
2,2026-10-07 01:58:41.691361,171,77.63,0.749,93.18,0.222,0
2,2026-10-07 02:03:41.691361,172,78.77,0.882,94.26,0.225,0
2,2026-10-07 02:08:41.691361,173,75.42,0.805,94.17,0.227,0
2,2026-10-07 02:13:41.691361,174,76.69,0.834,93.97,0.23,0
2,2026-10-07 02:18:41.691361,175,76.48,0.773,93.18,0.232,0
2,2026-10-07 02:23:41.691361,176,77.93,0.783,93.62,0.235,0
2,2026-10-07 02:28:41.691361,177,75.94,0.864,93.27,0.238,0
2,2026-10-07 02:33:41.691361,178,78.79,0.891,91.83,0.24,0
2,2026-10-07 02:38:41.691361,179,77.92,0.833,92.88,0.243,0
2,2026-10-07 02:43:41.691361,180,77.59,0.854,95.03,0.246,0
2,2026-10-07 02:48:41.691361,181,76.38,0.855,92.65,0.249,0
2,2026-10-07 02:53:41.691361,182,76.72,0.947,94.52,0.251,0
2,2026-10-07 02:58:41.691361,183,79.55,1.013,91.98,0.254,0
2,2026-10-07 03:03:41.691361,184,77.68,0.848,92.3,0.257,0
2,2026-10-07 03:08:41.691361,185,76.94,0.861,91.84,0.26,0
2,2026-10-07 03:13:41.691361,186,77.62,0.86,94.62,0.263,0
2,2026-10-07 03:18:41.691361,187,76.79,1.068,92.62,0.265,0
2,2026-10-07 03:23:41.691361,188,78.08,0.87,95.8,0.268,0
2,2026-10-07 03:28:41.691361,189,79.43,0.957,91.17,0.271,0
2,2026-10-07 03:33:41.691361,190,78.44,0.893,95.32,0.274,0
2,2026-10-07 03:38:41.691361,191,79.26,0.961,89.42,0.277,0
2,2026-10-07 03:43:41.691361,192,77.21,0.998,94.83,0.28,0
2,2026-10-07 03:48:41.691361,193,79.83,0.891,93.41,0.283,0
2,2026-10-07 03:53:41.691361,194,79.82,0.895,92.88,0.286,0
2,2026-10-07 03:58:41.691361,195,79.03,0.97,90.06,0.289,0
2,2026-10-07 04:03:41.691361,196,78.42,0.977,92.55,0.292,0
2,2026-10-07 04:08:41.691361,197,78.23,0.978,92.66,0.295,0
2,2026-10-07 04:13:41.691361,198,79.55,0.993,92.04,0.298,0
2,2026-10-07 04:18:41.691361,199,79.23,0.919,93.31,0.301,0
2,2026-10-07 04:23:41.691361,200,79.23,1.025,93.98,0.304,0
2,2026-10-07 04:28:41.691361,201,76.99,0.932,92.89,0.307,0
2,2026-10-07 04:33:41.691361,202,79.43,1.047,91.72,0.31,0
2,2026-10-07 04:38:41.691361,203,80.35,1.093,93.08,0.313,0
2,2026-10-07 04:43:41.691361,204,79.34,0.948,93.44,0.316,0
2,2026-10-07 04:48:41.691361,205,81.23,1.094,90.91,0.319,0
2,2026-10-07 04:53:41.691361,206,80.68,1.112,94.5,0.322,0
2,2026-10-07 04:58:41.691361,207,78.93,1.066,93.22,0.325,0
2,2026-10-07 05:03:41.691361,208,80.16,1.029,92.66,0.328,0
2,2026-10-07 05:08:41.691361,209,80.9,1.097,92.31,0.331,0
2,2026-10-07 05:13:41.691361,210,80.01,1.175,90.56,0.335,0
2,2026-10-07 05:18:41.691361,211,79.72,1.109,93.17,0.338,0
2,2026-10-07 05:23:41.691361,212,78.74,1.051,88.73,0.341,0
2,2026-10-07 05:28:41.691361,213,80.69,1.069,91.14,0.344,0
2,2026-10-07 05:33:41.691361,214,81.56,1.101,92.0,0.348,0
2,2026-10-07 05:38:41.691361,215,80.52,1.175,92.3,0.351,0
2,2026-10-07 05:43:41.691361,216,80.17,1.141,93.09,0.354,0
2,2026-10-07 05:48:41.691361,217,81.58,1.088,92.44,0.357,0
2,2026-10-07 05:53:41.691361,218,79.92,1.236,92.93,0.361,0
2,2026-10-07 05:58:41.691361,219,81.69,1.182,91.01,0.364,0
2,2026-10-07 06:03:41.691361,220,82.27,1.164,91.61,0.367,0
2,2026-10-07 06:08:41.691361,221,82.62,1.163,90.27,0.371,0
2,2026-10-07 06:13:41.691361,222,80.26,1.146,88.38,0.374,0
2,2026-10-07 06:18:41.691361,223,82.69,1.298,93.2,0.377,0
2,2026-10-07 06:23:41.691361,224,79.98,1.252,93.12,0.381,0
2,2026-10-07 06:28:41.691361,225,81.5,1.23,87.91,0.384,0
2,2026-10-07 06:33:41.691361,226,82.49,1.18,91.15,0.388,0
2,2026-10-07 06:38:41.691361,227,80.42,1.269,92.32,0.391,0
2,2026-10-07 06:43:41.691361,228,81.47,1.194,87.48,0.395,0
2,2026-10-07 06:48:41.691361,229,82.21,1.23,88.32,0.398,0
2,2026-10-07 06:53:41.691361,230,83.2,1.245,88.96,0.401,0
2,2026-10-07 06:58:41.691361,231,82.11,1.33,91.41,0.405,0
2,2026-10-07 07:03:41.691361,232,82.74,1.316,88.7,0.408,0
2,2026-10-07 07:08:41.691361,233,83.06,1.301,89.66,0.412,0
2,2026-10-07 07:13:41.691361,234,83.67,1.264,91.06,0.416,0
2,2026-10-07 07:18:41.691361,235,83.93,1.166,92.01,0.419,0
2,2026-10-07 07:23:41.691361,236,79.74,1.29,91.69,0.423,0
2,2026-10-07 07:28:41.691361,237,83.14,1.256,88.44,0.426,0
2,2026-10-07 07:33:41.691361,238,84.88,1.243,91.7,0.43,0
2,2026-10-07 07:38:41.691361,239,83.71,1.288,89.06,0.433,0
2,2026-10-07 07:43:41.691361,240,82.68,1.4,90.96,0.437,0
2,2026-10-07 07:48:41.691361,241,81.97,1.346,88.5,0.441,0
2,2026-10-07 07:53:41.691361,242,85.71,1.308,92.13,0.444,0
2,2026-10-07 07:58:41.691361,243,84.25,1.326,88.63,0.448,0
2,2026-10-07 08:03:41.691361,244,83.45,1.33,89.71,0.452,0
2,2026-10-07 08:08:41.691361,245,83.07,1.294,88.93,0.456,0
2,2026-10-07 08:13:41.691361,246,82.51,1.375,88.06,0.459,0
2,2026-10-07 08:18:41.691361,247,83.76,1.522,89.43,0.463,0
2,2026-10-07 08:23:41.691361,248,85.23,1.342,88.29,0.467,0
2,2026-10-07 08:28:41.691361,249,85.33,1.389,90.56,0.471,0
2,2026-10-07 08:33:41.691361,250,83.76,1.436,88.24,0.474,0
2,2026-10-07 08:38:41.691361,251,85.53,1.427,88.64,0.478,0
2,2026-10-07 08:43:41.691361,252,85.19,1.432,89.7,0.482,0
2,2026-10-07 08:48:41.691361,253,85.89,1.474,88.25,0.486,0
2,2026-10-07 08:53:41.691361,254,86.7,1.476,88.36,0.49,0
2,2026-10-07 08:58:41.691361,255,86.0,1.583,86.73,0.493,0
2,2026-10-07 09:03:41.691361,256,86.93,1.413,88.99,0.497,0
2,2026-10-07 09:08:41.691361,257,88.04,1.542,88.84,0.501,0
2,2026-10-07 09:13:41.691361,258,85.61,1.529,88.13,0.505,0
2,2026-10-07 09:18:41.691361,259,85.48,1.522,88.72,0.509,0
2,2026-10-07 09:23:41.691361,260,85.64,1.506,86.31,0.513,0
2,2026-10-07 09:28:41.691361,261,87.17,1.584,88.62,0.517,0
2,2026-10-07 09:33:41.691361,262,87.99,1.571,88.78,0.521,0
2,2026-10-07 09:38:41.691361,263,87.34,1.572,87.31,0.525,0
2,2026-10-07 09:43:41.691361,264,89.77,1.564,87.03,0.529,0
2,2026-10-07 09:48:41.691361,265,87.78,1.609,85.84,0.533,0
2,2026-10-07 09:53:41.691361,266,88.74,1.602,86.2,0.537,0
2,2026-10-07 09:58:41.691361,267,88.96,1.648,85.89,0.541,0
2,2026-10-07 10:03:41.691361,268,89.81,1.66,87.69,0.545,0
2,2026-10-07 10:08:41.691361,269,89.73,1.645,87.58,0.549,0
2,2026-10-07 10:13:41.691361,270,87.17,1.676,88.26,0.553,0
2,2026-10-07 10:18:41.691361,271,88.13,1.618,87.66,0.557,0
2,2026-10-07 10:23:41.691361,272,88.17,1.601,85.17,0.561,0
2,2026-10-07 10:28:41.691361,273,89.08,1.548,87.6,0.566,0
2,2026-10-07 10:33:41.691361,274,87.97,1.754,86.47,0.57,0
2,2026-10-07 10:38:41.691361,275,89.48,1.679,87.3,0.574,0
2,2026-10-07 10:43:41.691361,276,89.72,1.686,88.54,0.578,0
2,2026-10-07 10:48:41.691361,277,87.79,1.735,88.35,0.582,0
2,2026-10-07 10:53:41.691361,278,89.92,1.826,85.73,0.587,0
2,2026-10-07 10:58:41.691361,279,87.62,1.691,87.78,0.591,0
2,2026-10-07 11:03:41.691361,280,90.02,1.757,85.02,0.595,0
2,2026-10-07 11:08:41.691361,281,90.5,1.701,88.36,0.599,0
2,2026-10-07 11:13:41.691361,282,93.15,1.791,87.41,0.604,0
2,2026-10-07 11:18:41.691361,283,89.28,1.693,85.55,0.608,0
2,2026-10-07 11:23:41.691361,284,88.71,1.722,88.95,0.612,0
2,2026-10-07 11:28:41.691361,285,90.5,1.824,85.82,0.616,0
2,2026-10-07 11:33:41.691361,286,90.12,1.864,86.14,0.621,0
2,2026-10-07 11:38:41.691361,287,91.12,1.817,85.59,0.625,0
2,2026-10-07 11:43:41.691361,288,88.95,1.739,85.63,0.629,0
2,2026-10-07 11:48:41.691361,289,90.86,1.784,85.88,0.634,0
2,2026-10-07 11:53:41.691361,290,91.01,1.752,84.47,0.638,0
2,2026-10-07 11:58:41.691361,291,91.58,1.89,84.02,0.643,0
2,2026-10-07 12:03:41.691361,292,91.44,1.933,86.83,0.647,0
2,2026-10-07 12:08:41.691361,293,91.29,1.869,84.63,0.652,0
2,2026-10-07 12:13:41.691361,294,92.12,1.914,86.43,0.656,0
2,2026-10-07 12:18:41.691361,295,91.88,1.956,85.54,0.66,0
2,2026-10-07 12:23:41.691361,296,92.82,1.97,84.1,0.665,0
2,2026-10-07 12:28:41.691361,297,89.86,2.015,85.6,0.669,0
2,2026-10-07 12:33:41.691361,298,90.13,1.913,86.29,0.674,0
2,2026-10-07 12:38:41.691361,299,92.01,1.935,87.14,0.678,0
2,2026-10-07 12:43:41.691361,300,91.25,1.932,85.26,0.683,0
2,2026-10-07 12:48:41.691361,301,93.14,2.008,86.22,0.688,0
2,2026-10-07 12:53:41.691361,302,93.07,2.019,84.38,0.692,0
2,2026-10-07 12:58:41.691361,303,93.06,2.011,85.0,0.697,0
2,2026-10-07 13:03:41.691361,304,94.08,2.045,84.65,0.701,0
2,2026-10-07 13:08:41.691361,305,92.34,2.032,84.45,0.706,0
2,2026-10-07 13:13:41.691361,306,93.71,2.151,83.61,0.711,0
2,2026-10-07 13:18:41.691361,307,94.14,2.106,84.45,0.715,0
2,2026-10-07 13:23:41.691361,308,96.61,2.045,84.7,0.72,0
2,2026-10-07 13:28:41.691361,309,93.01,2.058,84.49,0.725,0
2,2026-10-07 13:33:41.691361,310,95.14,2.103,85.91,0.729,0
2,2026-10-07 13:38:41.691361,311,94.18,2.083,87.98,0.734,0
2,2026-10-07 13:43:41.691361,312,94.93,2.075,82.79,0.739,0
2,2026-10-07 13:48:41.691361,313,93.49,2.17,83.19,0.743,0
2,2026-10-07 13:53:41.691361,314,94.94,2.132,84.74,0.748,0
2,2026-10-07 13:58:41.691361,315,93.94,2.093,83.88,0.753,0
2,2026-10-07 14:03:41.691361,316,95.85,2.175,82.24,0.758,0
2,2026-10-07 14:08:41.691361,317,96.11,2.133,82.57,0.763,0
2,2026-10-07 14:13:41.691361,318,94.33,2.248,84.21,0.767,0
2,2026-10-07 14:18:41.691361,319,96.36,2.257,87.38,0.772,0
2,2026-10-07 14:23:41.691361,320,93.75,2.17,82.14,0.777,0
2,2026-10-07 14:28:41.691361,321,94.95,2.165,82.52,0.782,0
2,2026-10-07 14:33:41.691361,322,94.68,2.248,82.95,0.787,0
2,2026-10-07 14:38:41.691361,323,96.89,2.269,83.68,0.792,0
2,2026-10-07 14:43:41.691361,324,96.04,2.362,83.03,0.797,0
2,2026-10-07 14:48:41.691361,325,94.42,2.218,79.96,0.802,0
2,2026-10-07 14:53:41.691361,326,96.85,2.274,81.77,0.807,0
2,2026-10-07 14:58:41.691361,327,99.42,2.32,83.47,0.811,0
2,2026-10-07 15:03:41.691361,328,96.06,2.255,82.33,0.816,0
2,2026-10-07 15:08:41.691361,329,97.56,2.225,81.91,0.821,0
2,2026-10-07 15:13:41.691361,330,97.55,2.319,80.86,0.826,0
2,2026-10-07 15:18:41.691361,331,97.06,2.334,82.11,0.831,0
2,2026-10-07 15:23:41.691361,332,98.61,2.409,81.44,0.836,0
2,2026-10-07 15:28:41.691361,333,97.51,2.39,82.69,0.842,0
2,2026-10-07 15:33:41.691361,334,97.71,2.42,83.14,0.847,0
2,2026-10-07 15:38:41.691361,335,99.96,2.482,80.27,0.852,0
2,2026-10-07 15:43:41.691361,336,98.61,2.407,81.33,0.857,0
2,2026-10-07 15:48:41.691361,337,97.99,2.345,81.51,0.862,0
2,2026-10-07 15:53:41.691361,338,98.03,2.436,80.08,0.867,0
2,2026-10-07 15:58:41.691361,339,97.81,2.456,81.39,0.872,0
2,2026-10-07 16:03:41.691361,340,100.0,2.567,81.48,0.877,0
2,2026-10-07 16:08:41.691361,341,100.07,2.416,79.03,0.882,0
2,2026-10-07 16:13:41.691361,342,101.57,2.437,79.29,0.888,0
2,2026-10-07 16:18:41.691361,343,99.81,2.492,79.4,0.893,0
2,2026-10-07 16:23:41.691361,344,99.67,2.571,79.44,0.898,0
2,2026-10-07 16:28:41.691361,345,98.55,2.569,81.28,0.903,0
2,2026-10-07 16:33:41.691361,346,99.66,2.456,79.32,0.909,0
2,2026-10-07 16:38:41.691361,347,100.52,2.607,78.78,0.914,0
2,2026-10-07 16:43:41.691361,348,100.67,2.595,76.65,0.919,1
2,2026-10-07 16:48:41.691361,349,102.2,2.516,80.62,0.924,1
2,2026-10-07 16:53:41.691361,350,101.44,2.642,80.84,0.93,1
2,2026-10-07 16:58:41.691361,351,98.47,2.562,80.12,0.935,1
2,2026-10-07 17:03:41.691361,352,101.28,2.639,80.99,0.94,1
2,2026-10-07 17:08:41.691361,353,102.43,2.618,76.92,0.946,1
2,2026-10-07 17:13:41.691361,354,101.34,2.662,77.95,0.951,1
2,2026-10-07 17:18:41.691361,355,102.83,2.701,79.67,0.956,1
2,2026-10-07 17:23:41.691361,356,98.59,2.605,82.2,0.962,1
2,2026-10-07 17:28:41.691361,357,101.8,2.583,81.12,0.967,1
2,2026-10-07 17:33:41.691361,358,102.66,2.751,79.57,0.973,1
2,2026-10-07 17:38:41.691361,359,103.39,2.727,80.09,0.978,1
2,2026-10-07 17:43:41.691361,360,105.76,2.771,76.57,0.984,1
2,2026-10-07 17:48:41.691361,361,103.75,2.794,80.63,0.989,1
2,2026-10-07 17:53:41.691361,362,102.9,2.809,80.11,0.994,1
2,2026-10-07 17:58:41.691361,363,106.69,2.727,77.85,1.0,1
2,2026-10-07 18:03:41.691361,364,103.43,2.753,77.16,1.0,1
2,2026-10-07 18:08:41.691361,365,100.67,2.77,78.94,1.0,1
2,2026-10-07 18:13:41.691361,366,103.59,2.902,78.3,1.0,1
2,2026-10-07 18:18:41.691361,367,105.93,2.833,79.4,1.0,1
2,2026-10-07 18:23:41.691361,368,104.91,2.902,78.14,1.0,1
2,2026-10-07 18:28:41.691361,369,105.36,2.866,77.51,1.0,1
2,2026-10-07 18:33:41.691361,370,105.45,2.973,77.42,1.0,1
2,2026-10-07 18:38:41.691361,371,105.67,2.938,79.43,1.0,1
2,2026-10-07 18:43:41.691361,372,105.37,2.77,78.38,1.0,1
2,2026-10-07 18:48:41.691361,373,102.89,2.977,77.74,1.0,1
2,2026-10-07 18:53:41.691361,374,106.96,2.873,75.05,1.0,1
2,2026-10-07 18:58:41.691361,375,106.27,2.93,76.53,1.0,1
2,2026-10-07 19:03:41.691361,376,106.26,3.085,78.4,1.0,1
2,2026-10-07 19:08:41.691361,377,107.61,3.003,79.25,1.0,1
2,2026-10-07 19:13:41.691361,378,106.33,2.872,76.64,1.0,1
2,2026-10-07 19:18:41.691361,379,107.73,2.941,76.54,1.0,1
2,2026-10-07 19:23:41.691361,380,106.13,3.079,77.81,1.0,1
2,2026-10-07 19:28:41.691361,381,107.94,3.049,76.52,1.0,1
2,2026-10-07 19:33:41.691361,382,107.6,2.973,73.18,1.0,1
2,2026-10-07 19:38:41.691361,383,107.75,3.063,78.16,1.0,1
2,2026-10-07 19:43:41.691361,384,109.66,3.14,74.73,1.0,1
2,2026-10-07 19:48:41.691361,385,107.55,3.1,79.91,1.0,1
2,2026-10-07 19:53:41.691361,386,109.95,3.147,75.41,1.0,1
2,2026-10-07 19:58:41.691361,387,107.32,3.145,74.22,1.0,1
2,2026-10-07 20:03:41.691361,388,108.3,3.115,78.15,1.0,1
2,2026-10-07 20:08:41.691361,389,108.37,3.013,76.4,1.0,1
2,2026-10-07 20:13:41.691361,390,108.16,3.152,75.39,1.0,1
2,2026-10-07 20:18:41.691361,391,108.88,3.204,73.1,1.0,1
2,2026-10-07 20:23:41.691361,392,108.8,3.214,74.36,1.0,1
2,2026-10-07 20:28:41.691361,393,107.7,3.228,76.85,1.0,1
2,2026-10-07 20:33:41.691361,394,109.78,3.111,76.1,1.0,1
2,2026-10-07 20:38:41.691361,395,108.05,3.24,73.59,1.0,1
2,2026-10-07 20:43:41.691361,396,108.86,3.217,74.53,1.0,1
2,2026-10-07 20:48:41.691361,397,109.69,3.284,74.02,1.0,1
2,2026-10-07 20:53:41.691361,398,111.85,3.283,73.52,1.0,1
2,2026-10-07 20:58:41.691361,399,109.85,3.202,74.88,1.0,1
3,2026-10-06 11:43:41.691361,0,70.62,0.251,93.74,0.0,0
3,2026-10-06 11:48:41.691361,1,70.06,0.404,94.79,0.0,0
3,2026-10-06 11:53:41.691361,2,67.97,0.367,92.41,0.0,0
3,2026-10-06 11:58:41.691361,3,66.5,0.322,98.23,0.0,0
3,2026-10-06 12:03:41.691361,4,68.21,0.341,97.6,0.0,0
3,2026-10-06 12:08:41.691361,5,71.26,0.307,95.88,0.0,0
3,2026-10-06 12:13:41.691361,6,70.93,0.26,97.44,0.0,0
3,2026-10-06 12:18:41.691361,7,67.52,0.342,95.53,0.0,0
3,2026-10-06 12:23:41.691361,8,67.6,0.288,96.31,0.0,0
3,2026-10-06 12:28:41.691361,9,69.94,0.331,96.0,0.001,0
3,2026-10-06 12:33:41.691361,10,69.44,0.289,97.0,0.001,0
3,2026-10-06 12:38:41.691361,11,69.74,0.468,95.32,0.001,0
3,2026-10-06 12:43:41.691361,12,68.22,0.377,97.11,0.001,0
3,2026-10-06 12:48:41.691361,13,68.13,0.319,96.69,0.001,0
3,2026-10-06 12:53:41.691361,14,67.79,0.319,96.01,0.001,0
3,2026-10-06 12:58:41.691361,15,69.98,0.31,93.11,0.002,0
3,2026-10-06 13:03:41.691361,16,66.49,0.277,93.9,0.002,0
3,2026-10-06 13:08:41.691361,17,68.62,0.282,94.81,0.002,0
3,2026-10-06 13:13:41.691361,18,67.88,0.32,97.84,0.002,0
3,2026-10-06 13:18:41.691361,19,69.61,0.343,95.16,0.003,0
3,2026-10-06 13:23:41.691361,20,68.31,0.359,96.72,0.003,0
3,2026-10-06 13:28:41.691361,21,67.75,0.345,92.79,0.003,0
3,2026-10-06 13:33:41.691361,22,69.1,0.383,95.42,0.003,0
3,2026-10-06 13:38:41.691361,23,71.04,0.301,96.16,0.004,0
3,2026-10-06 13:43:41.691361,24,68.83,0.341,95.65,0.004,0
3,2026-10-06 13:48:41.691361,25,69.01,0.389,97.88,0.004,0
3,2026-10-06 13:53:41.691361,26,68.9,0.389,94.76,0.005,0
3,2026-10-06 13:58:41.691361,27,69.83,0.311,97.44,0.005,0
3,2026-10-06 14:03:41.691361,28,71.58,0.344,92.5,0.006,0
3,2026-10-06 14:08:41.691361,29,68.28,0.412,96.61,0.006,0
3,2026-10-06 14:13:41.691361,30,69.25,0.402,96.5,0.006,0
3,2026-10-06 14:18:41.691361,31,70.43,0.399,98.05,0.007,0
3,2026-10-06 14:23:41.691361,32,69.42,0.399,95.3,0.007,0
3,2026-10-06 14:28:41.691361,33,68.28,0.441,96.07,0.008,0
3,2026-10-06 14:33:41.691361,34,69.98,0.363,94.86,0.008,0
3,2026-10-06 14:38:41.691361,35,69.05,0.429,96.56,0.009,0
3,2026-10-06 14:43:41.691361,36,67.0,0.348,98.39,0.009,0
3,2026-10-06 14:48:41.691361,37,68.81,0.27,98.55,0.01,0
3,2026-10-06 14:53:41.691361,38,69.91,0.358,95.14,0.01,0
3,2026-10-06 14:58:41.691361,39,70.41,0.336,97.41,0.011,0
3,2026-10-06 15:03:41.691361,40,69.78,0.376,95.89,0.011,0
3,2026-10-06 15:08:41.691361,41,68.94,0.418,94.37,0.012,0
3,2026-10-06 15:13:41.691361,42,67.22,0.398,96.6,0.013,0
3,2026-10-06 15:18:41.691361,43,69.77,0.389,95.16,0.013,0
3,2026-10-06 15:23:41.691361,44,70.16,0.368,94.9,0.014,0
3,2026-10-06 15:28:41.691361,45,68.86,0.473,93.01,0.014,0
3,2026-10-06 15:33:41.691361,46,69.86,0.289,95.44,0.015,0
3,2026-10-06 15:38:41.691361,47,68.76,0.271,96.17,0.016,0
3,2026-10-06 15:43:41.691361,48,68.85,0.272,96.84,0.016,0
3,2026-10-06 15:48:41.691361,49,71.05,0.453,96.1,0.017,0
3,2026-10-06 15:53:41.691361,50,69.41,0.447,98.07,0.018,0
3,2026-10-06 15:58:41.691361,51,70.74,0.335,95.84,0.018,0
3,2026-10-06 16:03:41.691361,52,69.93,0.293,96.22,0.019,0
3,2026-10-06 16:08:41.691361,53,72.16,0.418,97.71,0.02,0
3,2026-10-06 16:13:41.691361,54,69.68,0.384,96.06,0.021,0
3,2026-10-06 16:18:41.691361,55,68.5,0.341,97.37,0.022,0
3,2026-10-06 16:23:41.691361,56,71.16,0.342,96.91,0.022,0
3,2026-10-06 16:28:41.691361,57,69.43,0.411,96.13,0.023,0
3,2026-10-06 16:33:41.691361,58,70.76,0.4,97.54,0.024,0
3,2026-10-06 16:38:41.691361,59,69.97,0.429,94.16,0.025,0
3,2026-10-06 16:43:41.691361,60,72.22,0.423,96.46,0.026,0
3,2026-10-06 16:48:41.691361,61,67.73,0.361,97.23,0.026,0
3,2026-10-06 16:53:41.691361,62,70.03,0.308,96.91,0.027,0
3,2026-10-06 16:58:41.691361,63,69.07,0.477,95.21,0.028,0
3,2026-10-06 17:03:41.691361,64,69.99,0.468,93.98,0.029,0
3,2026-10-06 17:08:41.691361,65,68.59,0.401,96.54,0.03,0
3,2026-10-06 17:13:41.691361,66,68.22,0.33,96.52,0.031,0
3,2026-10-06 17:18:41.691361,67,69.12,0.396,92.48,0.032,0
3,2026-10-06 17:23:41.691361,68,69.07,0.418,96.64,0.033,0
3,2026-10-06 17:28:41.691361,69,68.99,0.503,94.2,0.034,0
3,2026-10-06 17:33:41.691361,70,69.13,0.5,95.52,0.035,0
3,2026-10-06 17:38:41.691361,71,69.32,0.418,97.22,0.036,0
3,2026-10-06 17:43:41.691361,72,71.78,0.387,95.1,0.037,0
3,2026-10-06 17:48:41.691361,73,70.16,0.381,95.06,0.038,0
3,2026-10-06 17:53:41.691361,74,70.1,0.49,96.94,0.039,0
3,2026-10-06 17:58:41.691361,75,69.73,0.425,96.1,0.04,0
3,2026-10-06 18:03:41.691361,76,69.47,0.468,94.95,0.041,0
3,2026-10-06 18:08:41.691361,77,69.04,0.393,97.23,0.042,0
3,2026-10-06 18:13:41.691361,78,70.06,0.526,94.27,0.043,0
3,2026-10-06 18:18:41.691361,79,70.63,0.566,93.43,0.044,0
3,2026-10-06 18:23:41.691361,80,68.05,0.514,93.75,0.046,0
3,2026-10-06 18:28:41.691361,81,70.34,0.423,95.37,0.047,0
3,2026-10-06 18:33:41.691361,82,69.26,0.446,95.62,0.048,0
3,2026-10-06 18:38:41.691361,83,69.23,0.423,94.4,0.049,0
3,2026-10-06 18:43:41.691361,84,68.77,0.44,95.08,0.05,0
3,2026-10-06 18:48:41.691361,85,70.05,0.451,94.85,0.051,0
3,2026-10-06 18:53:41.691361,86,69.78,0.502,97.01,0.053,0
3,2026-10-06 18:58:41.691361,87,70.06,0.495,94.47,0.054,0
3,2026-10-06 19:03:41.691361,88,71.1,0.552,95.57,0.055,0
3,2026-10-06 19:08:41.691361,89,68.57,0.499,96.63,0.056,0
3,2026-10-06 19:13:41.691361,90,70.48,0.53,93.72,0.058,0
3,2026-10-06 19:18:41.691361,91,69.01,0.49,92.09,0.059,0
3,2026-10-06 19:23:41.691361,92,70.55,0.551,91.84,0.06,0
3,2026-10-06 19:28:41.691361,93,69.35,0.438,94.58,0.062,0
3,2026-10-06 19:33:41.691361,94,70.49,0.563,96.08,0.063,0
3,2026-10-06 19:38:41.691361,95,71.57,0.504,95.21,0.064,0
3,2026-10-06 19:43:41.691361,96,69.99,0.543,92.93,0.066,0
3,2026-10-06 19:48:41.691361,97,72.07,0.562,94.88,0.067,0
3,2026-10-06 19:53:41.691361,98,70.91,0.527,90.25,0.068,0
3,2026-10-06 19:58:41.691361,99,71.53,0.504,94.43,0.07,0
3,2026-10-06 20:03:41.691361,100,72.07,0.51,92.77,0.071,0
3,2026-10-06 20:08:41.691361,101,71.1,0.521,94.63,0.073,0
3,2026-10-06 20:13:41.691361,102,71.51,0.573,92.8,0.074,0
3,2026-10-06 20:18:41.691361,103,71.58,0.589,91.79,0.075,0
3,2026-10-06 20:23:41.691361,104,71.64,0.499,93.81,0.077,0
3,2026-10-06 20:28:41.691361,105,70.39,0.523,97.1,0.078,0
3,2026-10-06 20:33:41.691361,106,70.01,0.477,92.35,0.08,0
3,2026-10-06 20:38:41.691361,107,73.65,0.516,94.24,0.081,0
3,2026-10-06 20:43:41.691361,108,71.15,0.496,93.89,0.083,0
3,2026-10-06 20:48:41.691361,109,74.64,0.617,92.93,0.084,0
3,2026-10-06 20:53:41.691361,110,72.52,0.509,91.52,0.086,0
3,2026-10-06 20:58:41.691361,111,73.02,0.613,95.72,0.088,0
3,2026-10-06 21:03:41.691361,112,71.29,0.55,95.24,0.089,0
3,2026-10-06 21:08:41.691361,113,72.38,0.543,91.66,0.091,0
3,2026-10-06 21:13:41.691361,114,72.1,0.621,92.26,0.092,0
3,2026-10-06 21:18:41.691361,115,72.79,0.587,95.15,0.094,0
3,2026-10-06 21:23:41.691361,116,73.13,0.54,91.56,0.096,0
3,2026-10-06 21:28:41.691361,117,71.5,0.624,93.14,0.097,0
3,2026-10-06 21:33:41.691361,118,71.36,0.492,96.55,0.099,0
3,2026-10-06 21:38:41.691361,119,73.25,0.626,95.34,0.101,0
3,2026-10-06 21:43:41.691361,120,73.01,0.58,93.61,0.102,0
3,2026-10-06 21:48:41.691361,121,71.86,0.728,94.66,0.104,0
3,2026-10-06 21:53:41.691361,122,71.88,0.624,92.27,0.106,0
3,2026-10-06 21:58:41.691361,123,74.3,0.572,94.5,0.108,0
3,2026-10-06 22:03:41.691361,124,73.84,0.628,93.86,0.109,0
3,2026-10-06 22:08:41.691361,125,72.63,0.611,92.82,0.111,0
3,2026-10-06 22:13:41.691361,126,72.14,0.692,93.48,0.113,0
3,2026-10-06 22:18:41.691361,127,71.8,0.597,95.26,0.115,0
3,2026-10-06 22:23:41.691361,128,73.62,0.655,93.19,0.117,0
3,2026-10-06 22:28:41.691361,129,73.56,0.599,93.15,0.118,0
3,2026-10-06 22:33:41.691361,130,74.1,0.68,92.03,0.12,0
3,2026-10-06 22:38:41.691361,131,71.97,0.646,96.05,0.122,0
3,2026-10-06 22:43:41.691361,132,70.77,0.659,91.36,0.124,0
3,2026-10-06 22:48:41.691361,133,72.37,0.632,92.76,0.126,0
3,2026-10-06 22:53:41.691361,134,72.56,0.655,92.55,0.128,0
3,2026-10-06 22:58:41.691361,135,71.51,0.699,94.44,0.13,0
3,2026-10-06 23:03:41.691361,136,74.35,0.588,93.72,0.132,0
3,2026-10-06 23:08:41.691361,137,74.21,0.618,93.25,0.133,0
3,2026-10-06 23:13:41.691361,138,73.33,0.766,96.08,0.135,0
3,2026-10-06 23:18:41.691361,139,71.54,0.804,91.78,0.137,0
3,2026-10-06 23:23:41.691361,140,74.78,0.733,91.62,0.139,0
3,2026-10-06 23:28:41.691361,141,74.27,0.684,93.91,0.141,0
3,2026-10-06 23:33:41.691361,142,74.03,0.754,93.15,0.143,0
3,2026-10-06 23:38:41.691361,143,73.62,0.754,93.87,0.145,0
3,2026-10-06 23:43:41.691361,144,74.77,0.671,91.39,0.147,0
3,2026-10-06 23:48:41.691361,145,73.28,0.679,94.09,0.15,0
3,2026-10-06 23:53:41.691361,146,75.21,0.707,95.02,0.152,0
3,2026-10-06 23:58:41.691361,147,75.75,0.732,91.6,0.154,0
3,2026-10-07 00:03:41.691361,148,76.07,0.722,92.98,0.156,0
3,2026-10-07 00:08:41.691361,149,73.85,0.686,90.54,0.158,0
3,2026-10-07 00:13:41.691361,150,75.09,0.697,97.29,0.16,0
3,2026-10-07 00:18:41.691361,151,73.1,0.678,93.43,0.162,0
3,2026-10-07 00:23:41.691361,152,76.32,0.75,93.48,0.164,0
3,2026-10-07 00:28:41.691361,153,72.34,0.718,90.96,0.166,0
3,2026-10-07 00:33:41.691361,154,72.36,0.763,89.17,0.169,0
3,2026-10-07 00:38:41.691361,155,73.12,0.736,91.24,0.171,0
3,2026-10-07 00:43:41.691361,156,75.26,0.784,93.78,0.173,0
3,2026-10-07 00:48:41.691361,157,75.77,0.831,92.4,0.175,0
3,2026-10-07 00:53:41.691361,158,75.31,0.805,92.57,0.178,0
3,2026-10-07 00:58:41.691361,159,74.55,0.769,91.08,0.18,0
3,2026-10-07 01:03:41.691361,160,75.61,0.786,91.27,0.182,0
3,2026-10-07 01:08:41.691361,161,74.39,0.736,93.69,0.184,0
3,2026-10-07 01:13:41.691361,162,75.36,0.759,93.38,0.187,0
3,2026-10-07 01:18:41.691361,163,74.67,0.738,93.66,0.189,0
3,2026-10-07 01:23:41.691361,164,74.78,0.794,92.14,0.191,0
3,2026-10-07 01:28:41.691361,165,76.88,0.821,90.23,0.194,0
3,2026-10-07 01:33:41.691361,166,76.24,0.801,94.82,0.196,0
3,2026-10-07 01:38:41.691361,167,75.67,0.72,92.47,0.198,0
3,2026-10-07 01:43:41.691361,168,78.09,0.916,94.64,0.201,0
3,2026-10-07 01:48:41.691361,169,74.61,0.889,90.76,0.203,0
3,2026-10-07 01:53:41.691361,170,76.19,0.786,90.83,0.206,0
3,2026-10-07 01:58:41.691361,171,75.2,0.901,92.95,0.208,0
3,2026-10-07 02:03:41.691361,172,76.43,0.794,91.23,0.21,0
3,2026-10-07 02:08:41.691361,173,75.28,0.911,93.41,0.213,0
3,2026-10-07 02:13:41.691361,174,77.53,0.836,87.49,0.215,0
3,2026-10-07 02:18:41.691361,175,74.23,0.951,90.95,0.218,0
3,2026-10-07 02:23:41.691361,176,75.54,0.969,93.4,0.22,0
3,2026-10-07 02:28:41.691361,177,76.56,0.878,91.25,0.223,0
3,2026-10-07 02:33:41.691361,178,76.89,0.979,92.03,0.225,0
3,2026-10-07 02:38:41.691361,179,77.58,0.964,89.59,0.228,0
3,2026-10-07 02:43:41.691361,180,77.7,0.897,87.52,0.23,0
3,2026-10-07 02:48:41.691361,181,74.33,0.867,92.04,0.233,0
3,2026-10-07 02:53:41.691361,182,77.11,0.934,94.12,0.236,0
3,2026-10-07 02:58:41.691361,183,75.54,0.93,91.6,0.238,0
3,2026-10-07 03:03:41.691361,184,76.27,0.939,88.69,0.241,0
3,2026-10-07 03:08:41.691361,185,78.94,0.91,94.08,0.243,0
3,2026-10-07 03:13:41.691361,186,77.3,1.002,90.9,0.246,0
3,2026-10-07 03:18:41.691361,187,77.4,0.928,91.11,0.249,0
3,2026-10-07 03:23:41.691361,188,77.91,0.925,90.69,0.251,0
3,2026-10-07 03:28:41.691361,189,76.89,1.086,90.69,0.254,0
3,2026-10-07 03:33:41.691361,190,79.57,0.968,91.16,0.257,0
3,2026-10-07 03:38:41.691361,191,76.22,0.962,91.03,0.259,0
3,2026-10-07 03:43:41.691361,192,79.81,1.002,92.74,0.262,0
3,2026-10-07 03:48:41.691361,193,78.77,1.079,90.52,0.265,0
3,2026-10-07 03:53:41.691361,194,80.97,0.981,89.4,0.268,0
3,2026-10-07 03:58:41.691361,195,76.74,1.128,91.73,0.27,0
3,2026-10-07 04:03:41.691361,196,77.89,1.081,91.47,0.273,0
3,2026-10-07 04:08:41.691361,197,80.75,0.948,89.99,0.276,0
3,2026-10-07 04:13:41.691361,198,77.93,0.934,91.92,0.279,0
3,2026-10-07 04:18:41.691361,199,78.26,1.077,93.81,0.282,0
3,2026-10-07 04:23:41.691361,200,78.26,1.026,90.39,0.284,0
3,2026-10-07 04:28:41.691361,201,79.97,1.026,89.21,0.287,0
3,2026-10-07 04:33:41.691361,202,80.15,1.08,87.03,0.29,0
3,2026-10-07 04:38:41.691361,203,77.52,1.143,90.65,0.293,0
3,2026-10-07 04:43:41.691361,204,78.17,1.067,90.01,0.296,0
3,2026-10-07 04:48:41.691361,205,80.07,1.015,88.67,0.299,0
3,2026-10-07 04:53:41.691361,206,79.62,1.085,90.73,0.302,0
3,2026-10-07 04:58:41.691361,207,77.92,1.115,91.45,0.305,0
3,2026-10-07 05:03:41.691361,208,80.08,1.112,89.61,0.308,0
3,2026-10-07 05:08:41.691361,209,78.6,1.109,91.58,0.311,0
3,2026-10-07 05:13:41.691361,210,79.56,1.075,88.89,0.314,0
3,2026-10-07 05:18:41.691361,211,80.05,1.109,90.3,0.317,0
3,2026-10-07 05:23:41.691361,212,80.54,1.179,91.65,0.32,0
3,2026-10-07 05:28:41.691361,213,81.22,1.096,88.1,0.323,0
3,2026-10-07 05:33:41.691361,214,80.04,1.127,87.68,0.326,0
3,2026-10-07 05:38:41.691361,215,79.7,1.134,88.32,0.329,0
3,2026-10-07 05:43:41.691361,216,79.96,1.224,89.57,0.332,0
3,2026-10-07 05:48:41.691361,217,83.42,1.181,88.77,0.335,0
3,2026-10-07 05:53:41.691361,218,80.56,1.194,89.8,0.338,0
3,2026-10-07 05:58:41.691361,219,83.16,1.146,90.37,0.341,0
3,2026-10-07 06:03:41.691361,220,81.03,1.118,90.18,0.344,0
3,2026-10-07 06:08:41.691361,221,82.41,1.161,88.94,0.347,0
3,2026-10-07 06:13:41.691361,222,78.93,1.149,90.47,0.35,0
3,2026-10-07 06:18:41.691361,223,80.55,1.164,89.18,0.354,0
3,2026-10-07 06:23:41.691361,224,80.59,1.204,89.88,0.357,0
3,2026-10-07 06:28:41.691361,225,79.94,1.191,88.94,0.36,0
3,2026-10-07 06:33:41.691361,226,82.61,1.306,87.64,0.363,0
3,2026-10-07 06:38:41.691361,227,82.68,1.213,91.31,0.366,0
3,2026-10-07 06:43:41.691361,228,80.31,1.326,87.53,0.37,0
3,2026-10-07 06:48:41.691361,229,84.2,1.298,86.92,0.373,0
3,2026-10-07 06:53:41.691361,230,81.27,1.315,89.96,0.376,0
3,2026-10-07 06:58:41.691361,231,81.93,1.287,89.45,0.379,0
3,2026-10-07 07:03:41.691361,232,82.28,1.228,87.03,0.383,0
3,2026-10-07 07:08:41.691361,233,82.52,1.362,90.61,0.386,0
3,2026-10-07 07:13:41.691361,234,83.29,1.324,89.24,0.389,0
3,2026-10-07 07:18:41.691361,235,81.67,1.31,86.81,0.393,0
3,2026-10-07 07:23:41.691361,236,81.09,1.343,88.26,0.396,0
3,2026-10-07 07:28:41.691361,237,83.53,1.362,88.28,0.399,0
3,2026-10-07 07:33:41.691361,238,83.5,1.341,88.47,0.403,0
3,2026-10-07 07:38:41.691361,239,82.08,1.37,88.78,0.406,0
3,2026-10-07 07:43:41.691361,240,82.26,1.362,86.78,0.41,0
3,2026-10-07 07:48:41.691361,241,82.55,1.312,89.54,0.413,0
3,2026-10-07 07:53:41.691361,242,84.58,1.404,90.53,0.416,0
3,2026-10-07 07:58:41.691361,243,83.2,1.537,87.16,0.42,0
3,2026-10-07 08:03:41.691361,244,83.85,1.374,88.0,0.423,0
3,2026-10-07 08:08:41.691361,245,84.67,1.397,90.03,0.427,0
3,2026-10-07 08:13:41.691361,246,84.08,1.425,85.93,0.43,0
3,2026-10-07 08:18:41.691361,247,84.42,1.414,86.31,0.434,0
3,2026-10-07 08:23:41.691361,248,83.11,1.563,86.76,0.437,0
3,2026-10-07 08:28:41.691361,249,82.41,1.403,87.01,0.441,0
3,2026-10-07 08:33:41.691361,250,84.94,1.475,88.03,0.444,0
3,2026-10-07 08:38:41.691361,251,83.64,1.473,85.63,0.448,0
3,2026-10-07 08:43:41.691361,252,83.79,1.419,85.09,0.452,0
3,2026-10-07 08:48:41.691361,253,85.94,1.508,88.27,0.455,0
3,2026-10-07 08:53:41.691361,254,84.83,1.522,84.09,0.459,0
3,2026-10-07 08:58:41.691361,255,85.95,1.501,87.6,0.462,0
3,2026-10-07 09:03:41.691361,256,85.5,1.452,84.34,0.466,0
3,2026-10-07 09:08:41.691361,257,84.31,1.538,87.55,0.47,0
3,2026-10-07 09:13:41.691361,258,83.66,1.47,85.35,0.473,0
3,2026-10-07 09:18:41.691361,259,85.0,1.46,84.23,0.477,0
3,2026-10-07 09:23:41.691361,260,84.57,1.542,84.52,0.481,0
3,2026-10-07 09:28:41.691361,261,85.55,1.6,84.26,0.484,0
3,2026-10-07 09:33:41.691361,262,85.57,1.607,85.51,0.488,0
3,2026-10-07 09:38:41.691361,263,85.26,1.624,85.61,0.492,0
3,2026-10-07 09:43:41.691361,264,87.4,1.596,85.48,0.496,0
3,2026-10-07 09:48:41.691361,265,86.78,1.6,87.45,0.499,0
3,2026-10-07 09:53:41.691361,266,85.68,1.596,85.75,0.503,0
3,2026-10-07 09:58:41.691361,267,87.32,1.552,87.29,0.507,0
3,2026-10-07 10:03:41.691361,268,87.17,1.547,87.5,0.511,0
3,2026-10-07 10:08:41.691361,269,89.42,1.672,87.75,0.515,0
3,2026-10-07 10:13:41.691361,270,86.98,1.549,82.77,0.518,0
3,2026-10-07 10:18:41.691361,271,87.31,1.612,84.09,0.522,0
3,2026-10-07 10:23:41.691361,272,87.07,1.682,83.2,0.526,0
3,2026-10-07 10:28:41.691361,273,86.74,1.736,83.69,0.53,0
3,2026-10-07 10:33:41.691361,274,88.46,1.646,86.05,0.534,0
3,2026-10-07 10:38:41.691361,275,88.87,1.717,86.51,0.538,0
3,2026-10-07 10:43:41.691361,276,86.31,1.746,83.79,0.542,0
3,2026-10-07 10:48:41.691361,277,88.14,1.713,85.72,0.546,0
3,2026-10-07 10:53:41.691361,278,88.37,1.668,82.89,0.55,0
3,2026-10-07 10:58:41.691361,279,89.15,1.729,86.56,0.554,0
3,2026-10-07 11:03:41.691361,280,88.19,1.659,86.2,0.558,0
3,2026-10-07 11:08:41.691361,281,87.94,1.757,83.7,0.562,0
3,2026-10-07 11:13:41.691361,282,90.5,1.706,84.09,0.566,0
3,2026-10-07 11:18:41.691361,283,88.79,1.705,85.01,0.57,0
3,2026-10-07 11:23:41.691361,284,90.74,1.745,85.03,0.574,0
3,2026-10-07 11:28:41.691361,285,85.65,1.778,83.88,0.578,0
3,2026-10-07 11:33:41.691361,286,88.11,1.844,83.78,0.582,0
3,2026-10-07 11:38:41.691361,287,89.02,1.781,81.31,0.586,0
3,2026-10-07 11:43:41.691361,288,88.02,1.858,80.94,0.59,0
3,2026-10-07 11:48:41.691361,289,88.6,1.801,86.64,0.594,0
3,2026-10-07 11:53:41.691361,290,90.58,1.803,85.9,0.598,0
3,2026-10-07 11:58:41.691361,291,88.92,1.892,81.82,0.602,0
3,2026-10-07 12:03:41.691361,292,91.24,1.831,82.23,0.606,0
3,2026-10-07 12:08:41.691361,293,89.84,1.876,82.95,0.61,0
3,2026-10-07 12:13:41.691361,294,90.91,1.843,84.54,0.615,0
3,2026-10-07 12:18:41.691361,295,90.92,1.88,82.87,0.619,0
3,2026-10-07 12:23:41.691361,296,90.72,1.921,86.54,0.623,0
3,2026-10-07 12:28:41.691361,297,91.81,1.953,87.99,0.627,0
3,2026-10-07 12:33:41.691361,298,91.45,1.939,84.33,0.631,0
3,2026-10-07 12:38:41.691361,299,89.77,1.903,82.43,0.636,0
3,2026-10-07 12:43:41.691361,300,91.91,1.927,83.31,0.64,0
3,2026-10-07 12:48:41.691361,301,92.58,1.99,82.78,0.644,0
3,2026-10-07 12:53:41.691361,302,90.63,2.014,84.09,0.649,0
3,2026-10-07 12:58:41.691361,303,89.65,1.952,83.1,0.653,0
3,2026-10-07 13:03:41.691361,304,92.67,2.024,83.19,0.657,0
3,2026-10-07 13:08:41.691361,305,92.59,1.993,81.66,0.662,0
3,2026-10-07 13:13:41.691361,306,91.72,2.001,82.53,0.666,0
3,2026-10-07 13:18:41.691361,307,89.92,1.991,82.58,0.67,0
3,2026-10-07 13:23:41.691361,308,92.0,2.01,83.14,0.675,0
3,2026-10-07 13:28:41.691361,309,91.2,1.952,81.8,0.679,0
3,2026-10-07 13:33:41.691361,310,93.57,2.129,83.41,0.683,0
3,2026-10-07 13:38:41.691361,311,91.04,2.044,82.53,0.688,0
3,2026-10-07 13:43:41.691361,312,93.17,2.093,80.68,0.692,0
3,2026-10-07 13:48:41.691361,313,93.19,2.098,83.21,0.697,0
3,2026-10-07 13:53:41.691361,314,92.3,2.071,77.83,0.701,0
3,2026-10-07 13:58:41.691361,315,92.68,2.074,80.26,0.706,0
3,2026-10-07 14:03:41.691361,316,93.78,2.108,78.31,0.71,0
3,2026-10-07 14:08:41.691361,317,94.0,2.076,82.34,0.715,0
3,2026-10-07 14:13:41.691361,318,92.36,2.135,81.1,0.719,0
3,2026-10-07 14:18:41.691361,319,94.42,2.151,81.05,0.724,0
3,2026-10-07 14:23:41.691361,320,92.37,2.082,80.46,0.728,0
3,2026-10-07 14:28:41.691361,321,94.37,2.137,82.19,0.733,0
3,2026-10-07 14:33:41.691361,322,94.2,2.131,80.74,0.737,0
3,2026-10-07 14:38:41.691361,323,94.97,2.207,83.88,0.742,0
3,2026-10-07 14:43:41.691361,324,94.05,2.198,81.61,0.746,0
3,2026-10-07 14:48:41.691361,325,94.99,2.189,78.56,0.751,0
3,2026-10-07 14:53:41.691361,326,94.57,2.171,78.2,0.756,0
3,2026-10-07 14:58:41.691361,327,94.39,2.184,81.57,0.76,0
3,2026-10-07 15:03:41.691361,328,96.23,2.203,80.21,0.765,0
3,2026-10-07 15:08:41.691361,329,93.44,2.235,81.11,0.77,0
3,2026-10-07 15:13:41.691361,330,96.82,2.236,81.99,0.774,0
3,2026-10-07 15:18:41.691361,331,94.18,2.221,81.39,0.779,0
3,2026-10-07 15:23:41.691361,332,98.17,2.32,80.17,0.784,0
3,2026-10-07 15:28:41.691361,333,93.69,2.206,80.33,0.789,0
3,2026-10-07 15:33:41.691361,334,96.07,2.264,80.14,0.793,0
3,2026-10-07 15:38:41.691361,335,96.8,2.378,80.15,0.798,0
3,2026-10-07 15:43:41.691361,336,98.3,2.343,79.67,0.803,0
3,2026-10-07 15:48:41.691361,337,98.27,2.306,83.97,0.808,0
3,2026-10-07 15:53:41.691361,338,97.61,2.386,80.44,0.812,0
3,2026-10-07 15:58:41.691361,339,99.58,2.418,77.15,0.817,0
3,2026-10-07 16:03:41.691361,340,99.19,2.374,79.62,0.822,0
3,2026-10-07 16:08:41.691361,341,96.14,2.429,78.39,0.827,0
3,2026-10-07 16:13:41.691361,342,97.96,2.401,82.16,0.832,0
3,2026-10-07 16:18:41.691361,343,100.39,2.43,79.27,0.837,0
3,2026-10-07 16:23:41.691361,344,97.73,2.495,78.58,0.842,0
3,2026-10-07 16:28:41.691361,345,97.85,2.501,78.17,0.846,0
3,2026-10-07 16:33:41.691361,346,98.48,2.385,79.93,0.851,0
3,2026-10-07 16:38:41.691361,347,101.03,2.512,80.97,0.856,0
3,2026-10-07 16:43:41.691361,348,97.86,2.501,77.27,0.861,0
3,2026-10-07 16:48:41.691361,349,98.77,2.54,78.73,0.866,0
3,2026-10-07 16:53:41.691361,350,97.52,2.448,76.41,0.871,0
3,2026-10-07 16:58:41.691361,351,99.98,2.629,80.43,0.876,0
3,2026-10-07 17:03:41.691361,352,97.29,2.61,79.69,0.881,0
3,2026-10-07 17:08:41.691361,353,97.89,2.536,79.83,0.886,0
3,2026-10-07 17:13:41.691361,354,100.58,2.498,79.0,0.891,0
3,2026-10-07 17:18:41.691361,355,97.53,2.565,79.69,0.896,0
3,2026-10-07 17:23:41.691361,356,100.3,2.564,79.21,0.901,0
3,2026-10-07 17:28:41.691361,357,101.62,2.667,79.09,0.906,0
3,2026-10-07 17:33:41.691361,358,101.93,2.651,78.07,0.911,0
3,2026-10-07 17:38:41.691361,359,100.91,2.615,75.76,0.916,0
3,2026-10-07 17:43:41.691361,360,99.84,2.626,77.83,0.922,1
3,2026-10-07 17:48:41.691361,361,102.89,2.651,78.87,0.927,1
3,2026-10-07 17:53:41.691361,362,102.64,2.654,78.16,0.932,1
3,2026-10-07 17:58:41.691361,363,101.23,2.744,78.12,0.937,1
3,2026-10-07 18:03:41.691361,364,100.28,2.699,79.53,0.942,1
3,2026-10-07 18:08:41.691361,365,101.67,2.727,77.78,0.947,1
3,2026-10-07 18:13:41.691361,366,100.83,2.743,74.76,0.953,1
3,2026-10-07 18:18:41.691361,367,101.5,2.784,77.28,0.958,1
3,2026-10-07 18:23:41.691361,368,102.07,2.766,76.55,0.963,1
3,2026-10-07 18:28:41.691361,369,102.63,2.789,75.45,0.968,1
3,2026-10-07 18:33:41.691361,370,102.85,2.754,74.06,0.974,1
3,2026-10-07 18:38:41.691361,371,101.88,2.861,76.91,0.979,1
3,2026-10-07 18:43:41.691361,372,101.58,2.719,76.05,0.984,1
3,2026-10-07 18:48:41.691361,373,105.23,2.8,78.08,0.989,1
3,2026-10-07 18:53:41.691361,374,103.97,2.846,74.01,0.995,1
3,2026-10-07 18:58:41.691361,375,104.85,2.819,77.2,1.0,1
3,2026-10-07 19:03:41.691361,376,102.94,2.858,76.33,1.0,1
3,2026-10-07 19:08:41.691361,377,103.92,2.883,75.29,1.0,1
3,2026-10-07 19:13:41.691361,378,103.51,2.956,77.16,1.0,1
3,2026-10-07 19:18:41.691361,379,103.57,2.918,74.36,1.0,1
3,2026-10-07 19:23:41.691361,380,103.25,2.955,72.81,1.0,1
3,2026-10-07 19:28:41.691361,381,105.97,2.904,74.94,1.0,1
3,2026-10-07 19:33:41.691361,382,105.54,2.959,73.91,1.0,1
3,2026-10-07 19:38:41.691361,383,106.1,2.949,73.16,1.0,1
3,2026-10-07 19:43:41.691361,384,105.23,3.026,77.45,1.0,1
3,2026-10-07 19:48:41.691361,385,106.48,2.911,75.56,1.0,1
3,2026-10-07 19:53:41.691361,386,106.83,3.021,75.89,1.0,1
3,2026-10-07 19:58:41.691361,387,106.44,2.995,73.69,1.0,1
3,2026-10-07 20:03:41.691361,388,103.92,3.029,74.77,1.0,1
3,2026-10-07 20:08:41.691361,389,107.06,2.959,75.35,1.0,1
3,2026-10-07 20:13:41.691361,390,109.05,3.044,74.18,1.0,1
3,2026-10-07 20:18:41.691361,391,107.15,3.155,72.63,1.0,1
3,2026-10-07 20:23:41.691361,392,107.22,3.028,73.23,1.0,1
3,2026-10-07 20:28:41.691361,393,107.11,3.149,76.64,1.0,1
3,2026-10-07 20:33:41.691361,394,107.9,3.077,77.57,1.0,1
3,2026-10-07 20:38:41.691361,395,107.05,3.081,71.05,1.0,1
3,2026-10-07 20:43:41.691361,396,109.43,3.172,77.23,1.0,1
3,2026-10-07 20:48:41.691361,397,106.29,3.211,73.59,1.0,1
3,2026-10-07 20:53:41.691361,398,109.12,3.069,75.58,1.0,1
3,2026-10-07 20:58:41.691361,399,109.3,3.164,74.23,1.0,1
4,2026-10-06 11:43:41.691361,0,60.77,0.253,97.04,0.0,0
4,2026-10-06 11:48:41.691361,1,62.15,0.227,94.85,0.0,0
4,2026-10-06 11:53:41.691361,2,63.39,0.178,93.92,0.0,0
4,2026-10-06 11:58:41.691361,3,64.26,0.206,98.28,0.0,0
4,2026-10-06 12:03:41.691361,4,63.06,0.164,97.09,0.0,0
4,2026-10-06 12:08:41.691361,5,63.76,0.246,97.03,0.0,0
4,2026-10-06 12:13:41.691361,6,62.22,0.204,94.98,0.0,0
4,2026-10-06 12:18:41.691361,7,61.46,0.197,97.24,0.0,0
4,2026-10-06 12:23:41.691361,8,63.3,0.144,92.9,0.001,0
4,2026-10-06 12:28:41.691361,9,65.02,0.207,94.26,0.001,0
4,2026-10-06 12:33:41.691361,10,62.7,0.138,97.36,0.001,0
4,2026-10-06 12:38:41.691361,11,62.56,0.281,95.3,0.001,0
4,2026-10-06 12:43:41.691361,12,64.76,0.226,96.5,0.001,0
4,2026-10-06 12:48:41.691361,13,63.91,0.245,95.74,0.002,0
4,2026-10-06 12:53:41.691361,14,62.78,0.31,93.85,0.002,0
4,2026-10-06 12:58:41.691361,15,63.07,0.216,95.81,0.002,0
4,2026-10-06 13:03:41.691361,16,62.56,0.231,94.95,0.002,0
4,2026-10-06 13:08:41.691361,17,61.19,0.217,93.54,0.003,0
4,2026-10-06 13:13:41.691361,18,61.02,0.224,95.92,0.003,0
4,2026-10-06 13:18:41.691361,19,63.75,0.246,92.28,0.003,0
4,2026-10-06 13:23:41.691361,20,61.49,0.318,93.6,0.004,0
4,2026-10-06 13:28:41.691361,21,63.87,0.186,95.28,0.004,0
4,2026-10-06 13:33:41.691361,22,62.4,0.249,95.36,0.005,0
4,2026-10-06 13:38:41.691361,23,62.63,0.17,95.55,0.005,0
4,2026-10-06 13:43:41.691361,24,61.73,0.245,99.08,0.005,0
4,2026-10-06 13:48:41.691361,25,64.82,0.26,95.0,0.006,0
4,2026-10-06 13:53:41.691361,26,60.89,0.159,97.04,0.006,0
4,2026-10-06 13:58:41.691361,27,62.29,0.192,94.86,0.007,0
4,2026-10-06 14:03:41.691361,28,61.98,0.167,95.02,0.007,0
4,2026-10-06 14:08:41.691361,29,62.2,0.192,93.92,0.008,0
4,2026-10-06 14:13:41.691361,30,63.92,0.219,94.81,0.009,0
4,2026-10-06 14:18:41.691361,31,64.03,0.225,94.65,0.009,0
4,2026-10-06 14:23:41.691361,32,63.9,0.267,94.83,0.01,0
4,2026-10-06 14:28:41.691361,33,63.45,0.196,93.75,0.01,0
4,2026-10-06 14:33:41.691361,34,64.3,0.259,95.71,0.011,0
4,2026-10-06 14:38:41.691361,35,63.74,0.241,96.06,0.012,0
4,2026-10-06 14:43:41.691361,36,64.55,0.286,94.85,0.012,0
4,2026-10-06 14:48:41.691361,37,65.11,0.254,95.94,0.013,0
4,2026-10-06 14:53:41.691361,38,63.81,0.256,93.87,0.014,0
4,2026-10-06 14:58:41.691361,39,64.34,0.388,94.4,0.014,0
4,2026-10-06 15:03:41.691361,40,63.61,0.225,94.21,0.015,0
4,2026-10-06 15:08:41.691361,41,65.41,0.216,94.22,0.016,0
4,2026-10-06 15:13:41.691361,42,61.68,0.214,92.35,0.017,0
4,2026-10-06 15:18:41.691361,43,64.37,0.393,94.35,0.018,0
4,2026-10-06 15:23:41.691361,44,61.64,0.301,93.79,0.018,0
4,2026-10-06 15:28:41.691361,45,65.23,0.244,93.91,0.019,0
4,2026-10-06 15:33:41.691361,46,63.49,0.298,94.5,0.02,0
4,2026-10-06 15:38:41.691361,47,63.13,0.252,92.92,0.021,0
4,2026-10-06 15:43:41.691361,48,64.24,0.175,94.14,0.022,0
4,2026-10-06 15:48:41.691361,49,64.71,0.282,95.68,0.023,0
4,2026-10-06 15:53:41.691361,50,63.75,0.328,96.16,0.024,0
4,2026-10-06 15:58:41.691361,51,64.4,0.318,95.88,0.025,0
4,2026-10-06 16:03:41.691361,52,63.37,0.207,95.36,0.026,0
4,2026-10-06 16:08:41.691361,53,64.59,0.331,93.31,0.027,0
4,2026-10-06 16:13:41.691361,54,62.88,0.302,94.59,0.028,0
4,2026-10-06 16:18:41.691361,55,61.74,0.3,91.89,0.029,0
4,2026-10-06 16:23:41.691361,56,62.91,0.352,97.39,0.03,0
4,2026-10-06 16:28:41.691361,57,62.62,0.27,94.69,0.031,0
4,2026-10-06 16:33:41.691361,58,66.25,0.265,93.89,0.032,0
4,2026-10-06 16:38:41.691361,59,66.01,0.274,95.67,0.033,0
4,2026-10-06 16:43:41.691361,60,62.42,0.287,92.07,0.034,0
4,2026-10-06 16:48:41.691361,61,62.97,0.34,94.46,0.035,0
4,2026-10-06 16:53:41.691361,62,63.89,0.264,94.18,0.037,0
4,2026-10-06 16:58:41.691361,63,64.68,0.353,90.55,0.038,0
4,2026-10-06 17:03:41.691361,64,63.36,0.315,94.32,0.039,0
4,2026-10-06 17:08:41.691361,65,64.89,0.323,93.99,0.04,0
4,2026-10-06 17:13:41.691361,66,63.81,0.301,96.14,0.041,0
4,2026-10-06 17:18:41.691361,67,63.61,0.313,94.67,0.043,0
4,2026-10-06 17:23:41.691361,68,66.41,0.305,95.81,0.044,0
4,2026-10-06 17:28:41.691361,69,66.06,0.32,94.02,0.045,0
4,2026-10-06 17:33:41.691361,70,64.23,0.313,95.6,0.047,0
4,2026-10-06 17:38:41.691361,71,64.95,0.341,92.6,0.048,0
4,2026-10-06 17:43:41.691361,72,63.56,0.44,93.99,0.049,0
4,2026-10-06 17:48:41.691361,73,63.84,0.408,94.66,0.051,0
4,2026-10-06 17:53:41.691361,74,65.51,0.333,93.73,0.052,0
4,2026-10-06 17:58:41.691361,75,64.67,0.274,94.04,0.054,0
4,2026-10-06 18:03:41.691361,76,65.28,0.44,94.28,0.055,0
4,2026-10-06 18:08:41.691361,77,62.17,0.346,98.23,0.056,0
4,2026-10-06 18:13:41.691361,78,66.06,0.314,94.98,0.058,0
4,2026-10-06 18:18:41.691361,79,64.18,0.29,93.54,0.059,0
4,2026-10-06 18:23:41.691361,80,65.24,0.268,92.3,0.061,0
4,2026-10-06 18:28:41.691361,81,65.19,0.345,94.59,0.062,0
4,2026-10-06 18:33:41.691361,82,63.78,0.405,92.19,0.064,0
4,2026-10-06 18:38:41.691361,83,67.26,0.288,92.3,0.066,0
4,2026-10-06 18:43:41.691361,84,65.85,0.461,94.38,0.067,0
4,2026-10-06 18:48:41.691361,85,66.08,0.382,92.33,0.069,0
4,2026-10-06 18:53:41.691361,86,64.87,0.325,91.92,0.07,0
4,2026-10-06 18:58:41.691361,87,66.0,0.334,94.29,0.072,0
4,2026-10-06 19:03:41.691361,88,64.01,0.409,93.04,0.074,0
4,2026-10-06 19:08:41.691361,89,67.32,0.414,95.59,0.075,0
4,2026-10-06 19:13:41.691361,90,64.79,0.405,92.23,0.077,0
4,2026-10-06 19:18:41.691361,91,65.26,0.394,92.58,0.079,0
4,2026-10-06 19:23:41.691361,92,64.36,0.34,90.13,0.081,0
4,2026-10-06 19:28:41.691361,93,64.61,0.447,91.2,0.082,0
4,2026-10-06 19:33:41.691361,94,64.3,0.509,92.61,0.084,0
4,2026-10-06 19:38:41.691361,95,66.39,0.457,94.52,0.086,0
4,2026-10-06 19:43:41.691361,96,64.24,0.417,91.06,0.088,0
4,2026-10-06 19:48:41.691361,97,69.07,0.354,91.88,0.09,0
4,2026-10-06 19:53:41.691361,98,64.95,0.363,95.45,0.091,0
4,2026-10-06 19:58:41.691361,99,69.17,0.419,91.4,0.093,0
4,2026-10-06 20:03:41.691361,100,63.64,0.435,92.87,0.095,0
4,2026-10-06 20:08:41.691361,101,65.61,0.463,93.9,0.097,0
4,2026-10-06 20:13:41.691361,102,66.85,0.441,91.61,0.099,0
4,2026-10-06 20:18:41.691361,103,67.33,0.463,94.56,0.101,0
4,2026-10-06 20:23:41.691361,104,67.55,0.396,91.04,0.103,0
4,2026-10-06 20:28:41.691361,105,65.76,0.419,94.28,0.105,0
4,2026-10-06 20:33:41.691361,106,67.16,0.532,93.7,0.107,0
4,2026-10-06 20:38:41.691361,107,67.06,0.542,93.77,0.109,0
4,2026-10-06 20:43:41.691361,108,66.96,0.561,93.2,0.111,0
4,2026-10-06 20:48:41.691361,109,66.59,0.451,94.04,0.113,0
4,2026-10-06 20:53:41.691361,110,68.51,0.495,94.9,0.115,0
4,2026-10-06 20:58:41.691361,111,64.74,0.5,92.84,0.117,0
4,2026-10-06 21:03:41.691361,112,66.3,0.627,92.76,0.119,0
4,2026-10-06 21:08:41.691361,113,66.76,0.515,89.81,0.122,0
4,2026-10-06 21:13:41.691361,114,66.42,0.568,91.83,0.124,0
4,2026-10-06 21:18:41.691361,115,66.41,0.59,94.74,0.126,0
4,2026-10-06 21:23:41.691361,116,68.1,0.507,92.32,0.128,0
4,2026-10-06 21:28:41.691361,117,66.59,0.486,91.07,0.13,0
4,2026-10-06 21:33:41.691361,118,66.89,0.489,90.25,0.133,0
4,2026-10-06 21:38:41.691361,119,67.98,0.558,95.1,0.135,0
4,2026-10-06 21:43:41.691361,120,66.99,0.567,92.97,0.137,0
4,2026-10-06 21:48:41.691361,121,67.57,0.595,93.62,0.139,0
4,2026-10-06 21:53:41.691361,122,68.35,0.551,91.88,0.142,0
4,2026-10-06 21:58:41.691361,123,66.4,0.529,91.43,0.144,0
4,2026-10-06 22:03:41.691361,124,66.77,0.598,94.11,0.146,0
4,2026-10-06 22:08:41.691361,125,67.11,0.596,90.72,0.149,0
4,2026-10-06 22:13:41.691361,126,67.92,0.553,93.13,0.151,0
4,2026-10-06 22:18:41.691361,127,67.56,0.644,91.81,0.154,0
4,2026-10-06 22:23:41.691361,128,67.68,0.537,92.51,0.156,0
4,2026-10-06 22:28:41.691361,129,69.62,0.619,95.44,0.159,0
4,2026-10-06 22:33:41.691361,130,70.34,0.597,91.55,0.161,0
4,2026-10-06 22:38:41.691361,131,69.28,0.576,93.73,0.163,0
4,2026-10-06 22:43:41.691361,132,69.24,0.637,92.96,0.166,0
4,2026-10-06 22:48:41.691361,133,70.96,0.639,91.71,0.169,0
4,2026-10-06 22:53:41.691361,134,70.79,0.685,91.35,0.171,0
4,2026-10-06 22:58:41.691361,135,69.08,0.653,92.32,0.174,0
4,2026-10-06 23:03:41.691361,136,67.53,0.573,90.39,0.176,0
4,2026-10-06 23:08:41.691361,137,68.09,0.624,92.62,0.179,0
4,2026-10-06 23:13:41.691361,138,69.14,0.673,89.78,0.181,0
4,2026-10-06 23:18:41.691361,139,68.88,0.699,92.46,0.184,0
4,2026-10-06 23:23:41.691361,140,68.66,0.684,94.81,0.187,0
4,2026-10-06 23:28:41.691361,141,69.6,0.648,91.2,0.189,0
4,2026-10-06 23:33:41.691361,142,69.83,0.682,91.36,0.192,0
4,2026-10-06 23:38:41.691361,143,68.08,0.648,91.13,0.195,0
4,2026-10-06 23:43:41.691361,144,69.71,0.675,91.03,0.198,0
4,2026-10-06 23:48:41.691361,145,70.08,0.755,91.09,0.2,0
4,2026-10-06 23:53:41.691361,146,70.58,0.69,92.04,0.203,0
4,2026-10-06 23:58:41.691361,147,70.65,0.767,92.2,0.206,0
4,2026-10-07 00:03:41.691361,148,71.0,0.726,91.44,0.209,0
4,2026-10-07 00:08:41.691361,149,71.67,0.706,90.08,0.211,0
4,2026-10-07 00:13:41.691361,150,70.71,0.766,89.72,0.214,0
4,2026-10-07 00:18:41.691361,151,70.51,0.748,87.58,0.217,0
4,2026-10-07 00:23:41.691361,152,70.43,0.752,90.61,0.22,0
4,2026-10-07 00:28:41.691361,153,72.5,0.706,89.55,0.223,0
4,2026-10-07 00:33:41.691361,154,67.77,0.75,90.14,0.226,0
4,2026-10-07 00:38:41.691361,155,70.39,0.837,91.96,0.229,0
4,2026-10-07 00:43:41.691361,156,71.2,0.771,92.15,0.232,0
4,2026-10-07 00:48:41.691361,157,71.19,0.756,87.98,0.235,0
4,2026-10-07 00:53:41.691361,158,70.79,0.842,93.91,0.238,0
4,2026-10-07 00:58:41.691361,159,71.5,0.773,88.65,0.241,0
4,2026-10-07 01:03:41.691361,160,72.19,0.731,91.2,0.244,0
4,2026-10-07 01:08:41.691361,161,72.62,0.849,89.98,0.247,0
4,2026-10-07 01:13:41.691361,162,72.42,0.843,89.08,0.25,0
4,2026-10-07 01:18:41.691361,163,74.07,0.825,91.35,0.253,0
4,2026-10-07 01:23:41.691361,164,69.06,0.914,92.33,0.256,0
4,2026-10-07 01:28:41.691361,165,72.11,0.886,90.9,0.259,0
4,2026-10-07 01:33:41.691361,166,71.41,0.893,88.78,0.262,0
4,2026-10-07 01:38:41.691361,167,71.56,0.93,91.4,0.266,0
4,2026-10-07 01:43:41.691361,168,71.56,0.845,88.9,0.269,0
4,2026-10-07 01:48:41.691361,169,73.4,0.84,90.34,0.272,0
4,2026-10-07 01:53:41.691361,170,73.53,0.893,91.26,0.275,0
4,2026-10-07 01:58:41.691361,171,72.38,0.895,88.21,0.279,0
4,2026-10-07 02:03:41.691361,172,74.08,0.876,90.14,0.282,0
4,2026-10-07 02:08:41.691361,173,72.89,0.87,88.63,0.285,0
4,2026-10-07 02:13:41.691361,174,74.75,0.941,87.97,0.288,0
4,2026-10-07 02:18:41.691361,175,73.57,0.932,94.59,0.292,0
4,2026-10-07 02:23:41.691361,176,73.66,0.928,91.48,0.295,0
4,2026-10-07 02:28:41.691361,177,71.23,0.96,92.27,0.298,0
4,2026-10-07 02:33:41.691361,178,73.42,0.877,88.62,0.302,0
4,2026-10-07 02:38:41.691361,179,75.42,0.991,87.89,0.305,0
4,2026-10-07 02:43:41.691361,180,72.97,0.953,89.62,0.309,0
4,2026-10-07 02:48:41.691361,181,75.52,1.042,89.69,0.312,0
4,2026-10-07 02:53:41.691361,182,72.44,0.932,89.74,0.316,0
4,2026-10-07 02:58:41.691361,183,72.55,0.996,89.32,0.319,0
4,2026-10-07 03:03:41.691361,184,72.92,0.965,88.66,0.323,0
4,2026-10-07 03:08:41.691361,185,75.01,1.078,89.64,0.326,0
4,2026-10-07 03:13:41.691361,186,74.62,0.996,87.05,0.33,0
4,2026-10-07 03:18:41.691361,187,74.04,1.063,89.09,0.333,0
4,2026-10-07 03:23:41.691361,188,72.26,1.012,90.32,0.337,0
4,2026-10-07 03:28:41.691361,189,75.0,0.989,91.98,0.34,0
4,2026-10-07 03:33:41.691361,190,75.0,1.088,88.97,0.344,0
4,2026-10-07 03:38:41.691361,191,74.72,1.042,91.48,0.348,0
4,2026-10-07 03:43:41.691361,192,76.49,1.128,89.09,0.351,0
4,2026-10-07 03:48:41.691361,193,74.21,1.16,86.89,0.355,0
4,2026-10-07 03:53:41.691361,194,75.88,1.024,85.02,0.359,0
4,2026-10-07 03:58:41.691361,195,76.05,1.075,85.02,0.362,0
4,2026-10-07 04:03:41.691361,196,76.45,1.23,90.01,0.366,0
4,2026-10-07 04:08:41.691361,197,75.62,1.134,89.19,0.37,0
4,2026-10-07 04:13:41.691361,198,77.41,1.126,87.83,0.373,0
4,2026-10-07 04:18:41.691361,199,76.56,1.18,87.5,0.377,0
4,2026-10-07 04:23:41.691361,200,76.19,1.231,89.44,0.381,0
4,2026-10-07 04:28:41.691361,201,77.04,1.258,86.97,0.385,0
4,2026-10-07 04:33:41.691361,202,78.55,1.208,92.38,0.389,0
4,2026-10-07 04:38:41.691361,203,75.3,1.156,88.02,0.393,0
4,2026-10-07 04:43:41.691361,204,77.35,1.298,86.32,0.396,0
4,2026-10-07 04:48:41.691361,205,78.09,1.268,88.3,0.4,0
4,2026-10-07 04:53:41.691361,206,75.99,1.29,89.01,0.404,0
4,2026-10-07 04:58:41.691361,207,78.0,1.24,87.42,0.408,0
4,2026-10-07 05:03:41.691361,208,77.32,1.272,87.05,0.412,0
4,2026-10-07 05:08:41.691361,209,76.54,1.197,85.8,0.416,0
4,2026-10-07 05:13:41.691361,210,77.96,1.258,87.17,0.42,0
4,2026-10-07 05:18:41.691361,211,78.44,1.238,88.96,0.424,0
4,2026-10-07 05:23:41.691361,212,77.66,1.258,87.41,0.428,0
4,2026-10-07 05:28:41.691361,213,75.92,1.25,88.08,0.432,0
4,2026-10-07 05:33:41.691361,214,76.18,1.356,88.79,0.436,0
4,2026-10-07 05:38:41.691361,215,77.96,1.325,88.12,0.44,0
4,2026-10-07 05:43:41.691361,216,77.99,1.364,85.35,0.444,0
4,2026-10-07 05:48:41.691361,217,78.12,1.291,86.79,0.449,0
4,2026-10-07 05:53:41.691361,218,80.23,1.332,84.29,0.453,0
4,2026-10-07 05:58:41.691361,219,77.69,1.371,88.88,0.457,0
4,2026-10-07 06:03:41.691361,220,79.6,1.343,87.18,0.461,0
4,2026-10-07 06:08:41.691361,221,78.99,1.354,84.5,0.465,0
4,2026-10-07 06:13:41.691361,222,81.12,1.256,87.05,0.469,0
4,2026-10-07 06:18:41.691361,223,79.02,1.373,88.31,0.474,0
4,2026-10-07 06:23:41.691361,224,78.87,1.37,85.49,0.478,0
4,2026-10-07 06:28:41.691361,225,80.37,1.393,83.24,0.482,0
4,2026-10-07 06:33:41.691361,226,78.98,1.49,85.63,0.487,0
4,2026-10-07 06:38:41.691361,227,80.72,1.424,84.44,0.491,0
4,2026-10-07 06:43:41.691361,228,82.34,1.438,84.68,0.495,0
4,2026-10-07 06:48:41.691361,229,81.79,1.422,84.36,0.5,0
4,2026-10-07 06:53:41.691361,230,80.64,1.469,85.56,0.504,0
4,2026-10-07 06:58:41.691361,231,83.3,1.497,81.51,0.508,0
4,2026-10-07 07:03:41.691361,232,81.33,1.493,85.06,0.513,0
4,2026-10-07 07:08:41.691361,233,81.39,1.501,84.83,0.517,0
4,2026-10-07 07:13:41.691361,234,81.99,1.486,83.39,0.522,0
4,2026-10-07 07:18:41.691361,235,85.04,1.489,84.88,0.526,0
4,2026-10-07 07:23:41.691361,236,79.77,1.542,83.24,0.531,0
4,2026-10-07 07:28:41.691361,237,81.19,1.599,85.25,0.535,0
4,2026-10-07 07:33:41.691361,238,82.56,1.47,87.21,0.54,0
4,2026-10-07 07:38:41.691361,239,80.61,1.646,85.9,0.544,0
4,2026-10-07 07:43:41.691361,240,82.89,1.538,84.5,0.549,0
4,2026-10-07 07:48:41.691361,241,81.79,1.594,83.81,0.553,0
4,2026-10-07 07:53:41.691361,242,80.07,1.66,83.97,0.558,0
4,2026-10-07 07:58:41.691361,243,82.1,1.588,84.54,0.562,0
4,2026-10-07 08:03:41.691361,244,81.77,1.515,84.52,0.567,0
4,2026-10-07 08:08:41.691361,245,83.63,1.629,82.09,0.572,0
4,2026-10-07 08:13:41.691361,246,83.28,1.577,82.18,0.576,0
4,2026-10-07 08:18:41.691361,247,82.43,1.705,83.08,0.581,0
4,2026-10-07 08:23:41.691361,248,82.96,1.772,84.06,0.586,0
4,2026-10-07 08:28:41.691361,249,84.07,1.668,82.54,0.591,0
4,2026-10-07 08:33:41.691361,250,81.21,1.746,84.01,0.595,0
4,2026-10-07 08:38:41.691361,251,83.78,1.703,84.35,0.6,0
4,2026-10-07 08:43:41.691361,252,82.3,1.692,81.44,0.605,0
4,2026-10-07 08:48:41.691361,253,86.46,1.778,79.75,0.61,0
4,2026-10-07 08:53:41.691361,254,82.69,1.739,82.25,0.615,0
4,2026-10-07 08:58:41.691361,255,83.08,1.855,83.33,0.619,0
4,2026-10-07 09:03:41.691361,256,85.41,1.736,83.85,0.624,0
4,2026-10-07 09:08:41.691361,257,84.56,1.768,83.58,0.629,0
4,2026-10-07 09:13:41.691361,258,83.23,1.875,82.84,0.634,0
4,2026-10-07 09:18:41.691361,259,86.9,1.753,81.08,0.639,0
4,2026-10-07 09:23:41.691361,260,84.14,1.832,82.47,0.644,0
4,2026-10-07 09:28:41.691361,261,85.15,1.781,80.37,0.649,0
4,2026-10-07 09:33:41.691361,262,85.82,1.821,81.14,0.654,0
4,2026-10-07 09:38:41.691361,263,87.91,1.853,83.97,0.659,0
4,2026-10-07 09:43:41.691361,264,85.59,1.882,81.89,0.664,0
4,2026-10-07 09:48:41.691361,265,84.37,1.953,81.67,0.669,0
4,2026-10-07 09:53:41.691361,266,87.48,1.857,81.52,0.674,0
4,2026-10-07 09:58:41.691361,267,85.72,1.969,82.13,0.679,0
4,2026-10-07 10:03:41.691361,268,87.38,1.988,83.3,0.684,0
4,2026-10-07 10:08:41.691361,269,88.04,1.862,80.42,0.689,0
4,2026-10-07 10:13:41.691361,270,86.1,1.982,81.61,0.694,0
4,2026-10-07 10:18:41.691361,271,85.81,1.949,79.01,0.7,0
4,2026-10-07 10:23:41.691361,272,87.6,1.889,81.95,0.705,0
4,2026-10-07 10:28:41.691361,273,88.3,2.08,82.32,0.71,0
4,2026-10-07 10:33:41.691361,274,87.52,2.038,78.85,0.715,0
4,2026-10-07 10:38:41.691361,275,87.05,2.027,77.6,0.72,0
4,2026-10-07 10:43:41.691361,276,88.35,1.973,80.89,0.726,0
4,2026-10-07 10:48:41.691361,277,87.28,2.058,80.66,0.731,0
4,2026-10-07 10:53:41.691361,278,90.44,2.05,79.37,0.736,0
4,2026-10-07 10:58:41.691361,279,88.65,1.996,81.03,0.742,0
4,2026-10-07 11:03:41.691361,280,89.84,2.2,79.38,0.747,0
4,2026-10-07 11:08:41.691361,281,89.0,2.061,80.52,0.752,0
4,2026-10-07 11:13:41.691361,282,89.97,2.101,81.73,0.758,0
4,2026-10-07 11:18:41.691361,283,88.96,2.166,80.8,0.763,0
4,2026-10-07 11:23:41.691361,284,89.87,2.115,83.52,0.768,0
4,2026-10-07 11:28:41.691361,285,89.09,2.159,78.65,0.774,0
4,2026-10-07 11:33:41.691361,286,92.41,2.202,78.65,0.779,0
4,2026-10-07 11:38:41.691361,287,91.07,2.184,78.78,0.785,0
4,2026-10-07 11:43:41.691361,288,91.56,2.204,79.77,0.79,0
4,2026-10-07 11:48:41.691361,289,90.79,2.22,79.68,0.796,0
4,2026-10-07 11:53:41.691361,290,91.1,2.18,81.77,0.801,0
4,2026-10-07 11:58:41.691361,291,89.97,2.248,78.63,0.807,0
4,2026-10-07 12:03:41.691361,292,93.53,2.195,77.9,0.812,0
4,2026-10-07 12:08:41.691361,293,90.45,2.27,76.83,0.818,0
4,2026-10-07 12:13:41.691361,294,91.24,2.16,79.14,0.823,0
4,2026-10-07 12:18:41.691361,295,91.41,2.208,80.3,0.829,0
4,2026-10-07 12:23:41.691361,296,90.64,2.336,77.5,0.835,0
4,2026-10-07 12:28:41.691361,297,94.33,2.348,76.93,0.84,0
4,2026-10-07 12:33:41.691361,298,91.5,2.355,77.94,0.846,0
4,2026-10-07 12:38:41.691361,299,92.6,2.402,77.09,0.852,0
4,2026-10-07 12:43:41.691361,300,93.11,2.401,79.31,0.857,0
4,2026-10-07 12:48:41.691361,301,93.01,2.353,75.38,0.863,0
4,2026-10-07 12:53:41.691361,302,92.13,2.397,77.66,0.869,0
4,2026-10-07 12:58:41.691361,303,93.69,2.448,75.98,0.875,0
4,2026-10-07 13:03:41.691361,304,93.52,2.42,76.58,0.88,0
4,2026-10-07 13:08:41.691361,305,95.73,2.47,77.96,0.886,0
4,2026-10-07 13:13:41.691361,306,96.37,2.364,77.4,0.892,0
4,2026-10-07 13:18:41.691361,307,94.86,2.408,77.74,0.898,0
4,2026-10-07 13:23:41.691361,308,93.29,2.503,78.76,0.904,0
4,2026-10-07 13:28:41.691361,309,95.16,2.391,75.61,0.91,1
4,2026-10-07 13:33:41.691361,310,95.71,2.499,72.9,0.915,1
4,2026-10-07 13:38:41.691361,311,96.73,2.52,75.59,0.921,1
4,2026-10-07 13:43:41.691361,312,96.64,2.494,75.67,0.927,1
4,2026-10-07 13:48:41.691361,313,96.09,2.632,79.02,0.933,1
4,2026-10-07 13:53:41.691361,314,96.3,2.581,77.65,0.939,1
4,2026-10-07 13:58:41.691361,315,94.57,2.605,75.24,0.945,1
4,2026-10-07 14:03:41.691361,316,96.67,2.576,76.98,0.951,1
4,2026-10-07 14:08:41.691361,317,96.64,2.449,76.37,0.957,1
4,2026-10-07 14:13:41.691361,318,97.48,2.64,75.83,0.963,1
4,2026-10-07 14:18:41.691361,319,98.89,2.648,76.52,0.969,1
4,2026-10-07 14:23:41.691361,320,98.39,2.666,74.39,0.975,1
4,2026-10-07 14:28:41.691361,321,94.42,2.64,76.76,0.982,1
4,2026-10-07 14:33:41.691361,322,97.14,2.719,75.72,0.988,1
4,2026-10-07 14:38:41.691361,323,99.32,2.679,76.07,0.994,1
4,2026-10-07 14:43:41.691361,324,98.6,2.785,72.69,1.0,1
4,2026-10-07 14:48:41.691361,325,97.66,2.767,77.44,1.0,1
4,2026-10-07 14:53:41.691361,326,98.72,2.726,76.14,1.0,1
4,2026-10-07 14:58:41.691361,327,99.69,2.738,75.37,1.0,1
4,2026-10-07 15:03:41.691361,328,100.28,2.866,75.86,1.0,1
4,2026-10-07 15:08:41.691361,329,99.14,2.785,75.46,1.0,1
4,2026-10-07 15:13:41.691361,330,99.16,2.812,72.91,1.0,1
4,2026-10-07 15:18:41.691361,331,101.08,2.762,73.73,1.0,1
4,2026-10-07 15:23:41.691361,332,99.86,2.934,73.61,1.0,1
4,2026-10-07 15:28:41.691361,333,99.17,2.823,76.61,1.0,1
4,2026-10-07 15:33:41.691361,334,96.81,2.816,78.09,1.0,1
4,2026-10-07 15:38:41.691361,335,101.12,2.827,73.8,1.0,1
4,2026-10-07 15:43:41.691361,336,100.72,2.94,76.5,1.0,1
4,2026-10-07 15:48:41.691361,337,101.33,2.887,74.79,1.0,1
4,2026-10-07 15:53:41.691361,338,100.25,2.879,70.84,1.0,1
4,2026-10-07 15:58:41.691361,339,99.43,2.901,71.59,1.0,1
4,2026-10-07 16:03:41.691361,340,101.91,2.903,68.51,1.0,1
4,2026-10-07 16:08:41.691361,341,100.51,2.955,72.19,1.0,1
4,2026-10-07 16:13:41.691361,342,103.81,2.964,74.29,1.0,1
4,2026-10-07 16:18:41.691361,343,102.2,3.009,71.58,1.0,1
4,2026-10-07 16:23:41.691361,344,102.38,2.989,72.96,1.0,1
4,2026-10-07 16:28:41.691361,345,102.39,2.997,74.06,1.0,1
4,2026-10-07 16:33:41.691361,346,103.42,3.038,72.66,1.0,1
4,2026-10-07 16:38:41.691361,347,103.04,3.034,72.41,1.0,1
4,2026-10-07 16:43:41.691361,348,102.63,3.046,69.74,1.0,1
4,2026-10-07 16:48:41.691361,349,103.17,3.139,71.0,1.0,1
4,2026-10-07 16:53:41.691361,350,106.86,3.171,73.87,1.0,1
4,2026-10-07 16:58:41.691361,351,105.02,3.236,70.6,1.0,1
4,2026-10-07 17:03:41.691361,352,101.23,3.138,72.48,1.0,1
4,2026-10-07 17:08:41.691361,353,104.72,3.191,73.49,1.0,1
4,2026-10-07 17:13:41.691361,354,105.23,3.234,69.96,1.0,1
4,2026-10-07 17:18:41.691361,355,103.7,3.291,71.39,1.0,1
4,2026-10-07 17:23:41.691361,356,104.5,3.197,70.13,1.0,1
4,2026-10-07 17:28:41.691361,357,104.64,3.181,68.72,1.0,1
4,2026-10-07 17:33:41.691361,358,105.49,3.232,72.49,1.0,1
4,2026-10-07 17:38:41.691361,359,106.32,3.292,69.58,1.0,1
4,2026-10-07 17:43:41.691361,360,106.06,3.314,71.63,1.0,1
4,2026-10-07 17:48:41.691361,361,106.33,3.367,70.43,1.0,1
4,2026-10-07 17:53:41.691361,362,107.64,3.306,67.56,1.0,1
4,2026-10-07 17:58:41.691361,363,107.25,3.384,71.01,1.0,1
4,2026-10-07 18:03:41.691361,364,107.68,3.347,68.79,1.0,1
4,2026-10-07 18:08:41.691361,365,108.07,3.404,69.02,1.0,1
4,2026-10-07 18:13:41.691361,366,108.99,3.355,68.85,1.0,1
4,2026-10-07 18:18:41.691361,367,109.86,3.461,69.05,1.0,1
4,2026-10-07 18:23:41.691361,368,108.49,3.442,65.33,1.0,1
4,2026-10-07 18:28:41.691361,369,107.3,3.45,68.77,1.0,1
4,2026-10-07 18:33:41.691361,370,108.93,3.526,68.68,1.0,1
4,2026-10-07 18:38:41.691361,371,107.62,3.504,68.53,1.0,1
4,2026-10-07 18:43:41.691361,372,108.95,3.49,72.25,1.0,1
4,2026-10-07 18:48:41.691361,373,106.69,3.503,68.74,1.0,1
4,2026-10-07 18:53:41.691361,374,108.69,3.586,69.82,1.0,1
4,2026-10-07 18:58:41.691361,375,109.82,3.545,68.29,1.0,1
4,2026-10-07 19:03:41.691361,376,110.0,3.572,68.03,1.0,1
4,2026-10-07 19:08:41.691361,377,110.68,3.632,66.32,1.0,1
4,2026-10-07 19:13:41.691361,378,109.37,3.525,69.33,1.0,1
4,2026-10-07 19:18:41.691361,379,111.19,3.656,65.74,1.0,1
4,2026-10-07 19:23:41.691361,380,113.28,3.618,67.99,1.0,1
4,2026-10-07 19:28:41.691361,381,112.42,3.617,66.77,1.0,1
4,2026-10-07 19:33:41.691361,382,111.86,3.828,67.9,1.0,1
4,2026-10-07 19:38:41.691361,383,113.83,3.763,67.85,1.0,1
4,2026-10-07 19:43:41.691361,384,110.97,3.774,64.91,1.0,1
4,2026-10-07 19:48:41.691361,385,114.33,3.749,63.03,1.0,1
4,2026-10-07 19:53:41.691361,386,112.26,3.791,66.51,1.0,1
4,2026-10-07 19:58:41.691361,387,113.79,3.734,64.75,1.0,1
4,2026-10-07 20:03:41.691361,388,113.1,3.796,66.04,1.0,1
4,2026-10-07 20:08:41.691361,389,114.92,3.771,66.89,1.0,1
4,2026-10-07 20:13:41.691361,390,113.79,3.754,64.29,1.0,1
4,2026-10-07 20:18:41.691361,391,113.98,3.949,66.99,1.0,1
4,2026-10-07 20:23:41.691361,392,112.16,3.713,67.07,1.0,1
4,2026-10-07 20:28:41.691361,393,114.37,3.945,64.5,1.0,1
4,2026-10-07 20:33:41.691361,394,115.17,3.949,65.0,1.0,1
4,2026-10-07 20:38:41.691361,395,114.5,3.926,66.34,1.0,1
4,2026-10-07 20:43:41.691361,396,115.26,3.993,64.68,1.0,1
4,2026-10-07 20:48:41.691361,397,113.95,4.062,64.31,1.0,1
4,2026-10-07 20:53:41.691361,398,115.13,3.979,65.17,1.0,1
4,2026-10-07 20:58:41.691361,399,115.61,4.0,64.86,1.0,1
5,2026-10-06 11:43:41.691361,0,64.33,0.276,100.61,0.0,0
5,2026-10-06 11:48:41.691361,1,62.83,0.418,100.44,0.0,0
5,2026-10-06 11:53:41.691361,2,64.55,0.312,100.64,0.0,0
5,2026-10-06 11:58:41.691361,3,63.35,0.409,98.48,0.0,0
5,2026-10-06 12:03:41.691361,4,62.06,0.248,99.68,0.0,0
5,2026-10-06 12:08:41.691361,5,62.67,0.265,100.21,0.0,0
5,2026-10-06 12:13:41.691361,6,61.23,0.295,103.11,0.0,0
5,2026-10-06 12:18:41.691361,7,64.14,0.355,99.8,0.0,0
5,2026-10-06 12:23:41.691361,8,61.81,0.289,101.24,0.001,0
5,2026-10-06 12:28:41.691361,9,64.7,0.392,102.25,0.001,0
5,2026-10-06 12:33:41.691361,10,62.78,0.348,100.82,0.001,0
5,2026-10-06 12:38:41.691361,11,63.43,0.449,98.65,0.001,0
5,2026-10-06 12:43:41.691361,12,63.4,0.409,99.09,0.001,0
5,2026-10-06 12:48:41.691361,13,62.92,0.322,100.95,0.001,0
5,2026-10-06 12:53:41.691361,14,61.78,0.379,102.28,0.002,0
5,2026-10-06 12:58:41.691361,15,64.31,0.306,101.41,0.002,0
5,2026-10-06 13:03:41.691361,16,62.63,0.334,104.5,0.002,0
5,2026-10-06 13:08:41.691361,17,63.84,0.292,101.54,0.002,0
5,2026-10-06 13:13:41.691361,18,62.11,0.292,99.7,0.003,0
5,2026-10-06 13:18:41.691361,19,63.21,0.399,102.12,0.003,0
5,2026-10-06 13:23:41.691361,20,64.38,0.298,100.44,0.003,0
5,2026-10-06 13:28:41.691361,21,64.1,0.323,100.82,0.004,0
5,2026-10-06 13:33:41.691361,22,64.31,0.338,101.57,0.004,0
5,2026-10-06 13:38:41.691361,23,65.71,0.348,103.0,0.004,0
5,2026-10-06 13:43:41.691361,24,64.48,0.284,99.57,0.005,0
5,2026-10-06 13:48:41.691361,25,62.82,0.315,101.08,0.005,0
5,2026-10-06 13:53:41.691361,26,64.58,0.422,101.66,0.006,0
5,2026-10-06 13:58:41.691361,27,63.32,0.256,101.3,0.006,0
5,2026-10-06 14:03:41.691361,28,63.9,0.371,104.34,0.007,0
5,2026-10-06 14:08:41.691361,29,65.38,0.402,99.73,0.007,0
5,2026-10-06 14:13:41.691361,30,63.29,0.359,100.0,0.008,0
5,2026-10-06 14:18:41.691361,31,64.52,0.383,99.52,0.008,0
5,2026-10-06 14:23:41.691361,32,65.38,0.372,98.55,0.009,0
5,2026-10-06 14:28:41.691361,33,63.9,0.382,102.59,0.009,0
5,2026-10-06 14:33:41.691361,34,63.58,0.411,101.4,0.01,0
5,2026-10-06 14:38:41.691361,35,62.42,0.3,102.79,0.01,0
5,2026-10-06 14:43:41.691361,36,65.46,0.389,103.34,0.011,0
5,2026-10-06 14:48:41.691361,37,65.31,0.408,99.72,0.012,0
5,2026-10-06 14:53:41.691361,38,66.15,0.402,100.49,0.012,0
5,2026-10-06 14:58:41.691361,39,63.29,0.39,98.55,0.013,0
5,2026-10-06 15:03:41.691361,40,64.95,0.331,101.6,0.014,0
5,2026-10-06 15:08:41.691361,41,63.51,0.367,99.9,0.014,0
5,2026-10-06 15:13:41.691361,42,63.97,0.477,103.09,0.015,0
5,2026-10-06 15:18:41.691361,43,64.61,0.383,102.27,0.016,0
5,2026-10-06 15:23:41.691361,44,65.57,0.345,100.87,0.016,0
5,2026-10-06 15:28:41.691361,45,62.05,0.444,104.07,0.017,0
5,2026-10-06 15:33:41.691361,46,64.36,0.284,101.87,0.018,0
5,2026-10-06 15:38:41.691361,47,63.21,0.359,101.88,0.019,0
5,2026-10-06 15:43:41.691361,48,64.63,0.369,99.95,0.02,0
5,2026-10-06 15:48:41.691361,49,64.5,0.375,99.24,0.02,0
5,2026-10-06 15:53:41.691361,50,63.98,0.415,100.62,0.021,0
5,2026-10-06 15:58:41.691361,51,62.72,0.45,96.77,0.022,0
5,2026-10-06 16:03:41.691361,52,63.91,0.371,101.08,0.023,0
5,2026-10-06 16:08:41.691361,53,65.15,0.461,99.77,0.024,0
5,2026-10-06 16:13:41.691361,54,65.21,0.417,98.25,0.025,0
5,2026-10-06 16:18:41.691361,55,66.82,0.337,101.43,0.026,0
5,2026-10-06 16:23:41.691361,56,65.04,0.425,100.04,0.027,0
5,2026-10-06 16:28:41.691361,57,65.6,0.336,100.67,0.028,0
5,2026-10-06 16:33:41.691361,58,63.96,0.382,101.39,0.029,0
5,2026-10-06 16:38:41.691361,59,65.97,0.402,101.9,0.03,0
5,2026-10-06 16:43:41.691361,60,64.77,0.377,100.32,0.031,0
5,2026-10-06 16:48:41.691361,61,64.39,0.389,101.33,0.032,0
5,2026-10-06 16:53:41.691361,62,65.06,0.347,98.19,0.033,0
5,2026-10-06 16:58:41.691361,63,65.33,0.388,101.1,0.034,0
5,2026-10-06 17:03:41.691361,64,65.79,0.368,98.5,0.035,0
5,2026-10-06 17:08:41.691361,65,66.9,0.452,99.97,0.036,0
5,2026-10-06 17:13:41.691361,66,63.81,0.412,98.79,0.037,0
5,2026-10-06 17:18:41.691361,67,66.03,0.401,102.19,0.038,0
5,2026-10-06 17:23:41.691361,68,64.53,0.391,99.89,0.039,0
5,2026-10-06 17:28:41.691361,69,61.91,0.44,100.25,0.04,0
5,2026-10-06 17:33:41.691361,70,66.09,0.355,102.23,0.042,0
5,2026-10-06 17:38:41.691361,71,66.12,0.515,100.38,0.043,0
5,2026-10-06 17:43:41.691361,72,66.4,0.381,101.5,0.044,0
5,2026-10-06 17:48:41.691361,73,64.3,0.376,98.72,0.045,0
5,2026-10-06 17:53:41.691361,74,65.27,0.42,100.95,0.047,0
5,2026-10-06 17:58:41.691361,75,63.14,0.358,102.42,0.048,0
5,2026-10-06 18:03:41.691361,76,66.44,0.415,100.33,0.049,0
5,2026-10-06 18:08:41.691361,77,66.63,0.492,100.53,0.05,0
5,2026-10-06 18:13:41.691361,78,66.76,0.438,100.33,0.052,0
5,2026-10-06 18:18:41.691361,79,65.47,0.464,99.67,0.053,0
5,2026-10-06 18:23:41.691361,80,65.63,0.483,98.66,0.054,0
5,2026-10-06 18:28:41.691361,81,66.55,0.435,99.87,0.056,0
5,2026-10-06 18:33:41.691361,82,65.28,0.506,96.99,0.057,0
5,2026-10-06 18:38:41.691361,83,66.76,0.457,101.98,0.059,0
5,2026-10-06 18:43:41.691361,84,65.16,0.492,102.99,0.06,0
5,2026-10-06 18:48:41.691361,85,65.45,0.56,100.15,0.061,0
5,2026-10-06 18:53:41.691361,86,66.34,0.506,101.33,0.063,0
5,2026-10-06 18:58:41.691361,87,65.07,0.457,99.07,0.064,0
5,2026-10-06 19:03:41.691361,88,66.06,0.498,101.07,0.066,0
5,2026-10-06 19:08:41.691361,89,67.56,0.464,98.87,0.067,0
5,2026-10-06 19:13:41.691361,90,64.32,0.619,100.4,0.069,0
5,2026-10-06 19:18:41.691361,91,66.68,0.454,99.91,0.07,0
5,2026-10-06 19:23:41.691361,92,66.77,0.512,101.49,0.072,0
5,2026-10-06 19:28:41.691361,93,68.99,0.481,98.31,0.074,0
5,2026-10-06 19:33:41.691361,94,65.21,0.613,101.38,0.075,0
5,2026-10-06 19:38:41.691361,95,66.16,0.538,98.56,0.077,0
5,2026-10-06 19:43:41.691361,96,67.45,0.522,99.36,0.078,0
5,2026-10-06 19:48:41.691361,97,67.17,0.535,99.36,0.08,0
5,2026-10-06 19:53:41.691361,98,66.51,0.589,102.15,0.082,0
5,2026-10-06 19:58:41.691361,99,67.26,0.593,99.35,0.083,0
5,2026-10-06 20:03:41.691361,100,65.76,0.59,99.87,0.085,0
5,2026-10-06 20:08:41.691361,101,64.97,0.545,99.46,0.087,0
5,2026-10-06 20:13:41.691361,102,66.12,0.64,100.27,0.088,0
5,2026-10-06 20:18:41.691361,103,68.44,0.583,99.64,0.09,0
5,2026-10-06 20:23:41.691361,104,65.73,0.575,99.5,0.092,0
5,2026-10-06 20:28:41.691361,105,65.28,0.552,98.96,0.094,0
5,2026-10-06 20:33:41.691361,106,67.48,0.607,98.53,0.096,0
5,2026-10-06 20:38:41.691361,107,67.61,0.579,95.07,0.097,0
5,2026-10-06 20:43:41.691361,108,66.53,0.647,96.81,0.099,0
5,2026-10-06 20:48:41.691361,109,67.31,0.677,98.16,0.101,0
5,2026-10-06 20:53:41.691361,110,67.24,0.537,101.7,0.103,0
5,2026-10-06 20:58:41.691361,111,67.2,0.609,101.25,0.105,0
5,2026-10-06 21:03:41.691361,112,68.16,0.568,98.21,0.107,0
5,2026-10-06 21:08:41.691361,113,68.03,0.585,95.97,0.109,0
5,2026-10-06 21:13:41.691361,114,67.44,0.547,101.53,0.11,0
5,2026-10-06 21:18:41.691361,115,67.78,0.581,98.02,0.112,0
5,2026-10-06 21:23:41.691361,116,65.37,0.576,100.55,0.114,0
5,2026-10-06 21:28:41.691361,117,70.39,0.672,98.85,0.116,0
5,2026-10-06 21:33:41.691361,118,67.26,0.593,102.04,0.118,0
5,2026-10-06 21:38:41.691361,119,67.62,0.752,101.0,0.12,0
5,2026-10-06 21:43:41.691361,120,65.83,0.618,97.87,0.122,0
5,2026-10-06 21:48:41.691361,121,67.9,0.653,103.32,0.124,0
5,2026-10-06 21:53:41.691361,122,66.77,0.673,99.71,0.127,0
5,2026-10-06 21:58:41.691361,123,68.14,0.672,97.18,0.129,0
5,2026-10-06 22:03:41.691361,124,68.34,0.697,99.19,0.131,0
5,2026-10-06 22:08:41.691361,125,68.97,0.748,100.07,0.133,0
5,2026-10-06 22:13:41.691361,126,68.45,0.624,97.72,0.135,0
5,2026-10-06 22:18:41.691361,127,68.17,0.7,97.86,0.137,0
5,2026-10-06 22:23:41.691361,128,67.39,0.634,96.05,0.139,0
5,2026-10-06 22:28:41.691361,129,68.31,0.625,96.99,0.141,0
5,2026-10-06 22:33:41.691361,130,68.19,0.637,99.01,0.144,0
5,2026-10-06 22:38:41.691361,131,69.63,0.682,97.74,0.146,0
5,2026-10-06 22:43:41.691361,132,69.47,0.679,97.18,0.148,0
5,2026-10-06 22:48:41.691361,133,70.34,0.765,99.21,0.15,0
5,2026-10-06 22:53:41.691361,134,70.09,0.628,100.29,0.153,0
5,2026-10-06 22:58:41.691361,135,69.53,0.783,98.8,0.155,0
5,2026-10-06 23:03:41.691361,136,69.2,0.724,98.72,0.157,0
5,2026-10-06 23:08:41.691361,137,68.85,0.787,95.75,0.16,0
5,2026-10-06 23:13:41.691361,138,68.65,0.852,97.14,0.162,0
5,2026-10-06 23:18:41.691361,139,69.1,0.711,98.54,0.164,0
5,2026-10-06 23:23:41.691361,140,68.59,0.752,99.26,0.167,0
5,2026-10-06 23:28:41.691361,141,68.71,0.807,99.17,0.169,0
5,2026-10-06 23:33:41.691361,142,70.9,0.78,102.75,0.171,0
5,2026-10-06 23:38:41.691361,143,70.99,0.796,96.53,0.174,0
5,2026-10-06 23:43:41.691361,144,69.69,0.857,100.36,0.176,0
5,2026-10-06 23:48:41.691361,145,71.67,0.831,95.86,0.179,0
5,2026-10-06 23:53:41.691361,146,70.56,0.736,95.46,0.181,0
5,2026-10-06 23:58:41.691361,147,70.35,0.83,99.0,0.184,0
5,2026-10-07 00:03:41.691361,148,70.75,0.837,96.12,0.186,0
5,2026-10-07 00:08:41.691361,149,70.12,0.741,94.54,0.189,0
5,2026-10-07 00:13:41.691361,150,71.22,0.785,98.8,0.191,0
5,2026-10-07 00:18:41.691361,151,71.75,0.798,98.33,0.194,0
5,2026-10-07 00:23:41.691361,152,69.72,0.744,97.57,0.196,0
5,2026-10-07 00:28:41.691361,153,70.04,0.82,100.3,0.199,0
5,2026-10-07 00:33:41.691361,154,68.86,0.868,95.79,0.202,0
5,2026-10-07 00:38:41.691361,155,71.88,0.87,97.8,0.204,0
5,2026-10-07 00:43:41.691361,156,69.74,0.824,98.57,0.207,0
5,2026-10-07 00:48:41.691361,157,73.1,0.893,95.78,0.21,0
5,2026-10-07 00:53:41.691361,158,71.47,0.997,97.23,0.212,0
5,2026-10-07 00:58:41.691361,159,72.91,0.845,96.96,0.215,0
5,2026-10-07 01:03:41.691361,160,72.0,0.909,95.82,0.218,0
5,2026-10-07 01:08:41.691361,161,70.38,0.945,98.7,0.22,0
5,2026-10-07 01:13:41.691361,162,73.26,0.993,97.06,0.223,0
5,2026-10-07 01:18:41.691361,163,71.17,0.977,97.87,0.226,0
5,2026-10-07 01:23:41.691361,164,70.46,0.865,97.48,0.229,0
5,2026-10-07 01:28:41.691361,165,71.52,0.922,98.3,0.231,0
5,2026-10-07 01:33:41.691361,166,72.75,0.997,93.73,0.234,0
5,2026-10-07 01:38:41.691361,167,72.24,0.972,94.29,0.237,0
5,2026-10-07 01:43:41.691361,168,71.25,0.903,96.55,0.24,0
5,2026-10-07 01:48:41.691361,169,74.09,1.053,95.24,0.243,0
5,2026-10-07 01:53:41.691361,170,72.87,0.987,96.99,0.246,0
5,2026-10-07 01:58:41.691361,171,72.82,0.981,98.88,0.249,0
5,2026-10-07 02:03:41.691361,172,73.76,0.921,97.48,0.251,0
5,2026-10-07 02:08:41.691361,173,73.61,0.997,97.93,0.254,0
5,2026-10-07 02:13:41.691361,174,72.87,0.998,96.35,0.257,0
5,2026-10-07 02:18:41.691361,175,70.33,0.992,95.11,0.26,0
5,2026-10-07 02:23:41.691361,176,71.43,1.075,96.81,0.263,0
5,2026-10-07 02:28:41.691361,177,72.92,0.982,96.44,0.266,0
5,2026-10-07 02:33:41.691361,178,74.25,0.977,95.92,0.269,0
5,2026-10-07 02:38:41.691361,179,74.21,0.929,95.78,0.272,0
5,2026-10-07 02:43:41.691361,180,72.76,1.027,95.06,0.275,0
5,2026-10-07 02:48:41.691361,181,73.55,1.137,95.26,0.278,0
5,2026-10-07 02:53:41.691361,182,73.84,1.148,94.86,0.282,0
5,2026-10-07 02:58:41.691361,183,75.78,1.057,98.3,0.285,0
5,2026-10-07 03:03:41.691361,184,74.61,1.08,95.46,0.288,0
5,2026-10-07 03:08:41.691361,185,73.07,1.076,96.84,0.291,0
5,2026-10-07 03:13:41.691361,186,73.91,1.064,95.06,0.294,0
5,2026-10-07 03:18:41.691361,187,75.23,1.149,94.37,0.297,0
5,2026-10-07 03:23:41.691361,188,73.35,1.115,97.6,0.3,0
5,2026-10-07 03:28:41.691361,189,75.64,1.041,94.85,0.304,0
5,2026-10-07 03:33:41.691361,190,73.26,1.099,97.59,0.307,0
5,2026-10-07 03:38:41.691361,191,72.78,1.039,93.87,0.31,0
5,2026-10-07 03:43:41.691361,192,74.95,1.159,95.71,0.313,0
5,2026-10-07 03:48:41.691361,193,76.13,1.048,96.77,0.317,0
5,2026-10-07 03:53:41.691361,194,74.46,1.181,92.93,0.32,0
5,2026-10-07 03:58:41.691361,195,74.96,1.165,96.59,0.323,0
5,2026-10-07 04:03:41.691361,196,73.16,1.163,93.16,0.327,0
5,2026-10-07 04:08:41.691361,197,75.79,1.208,96.65,0.33,0
5,2026-10-07 04:13:41.691361,198,74.66,1.224,96.69,0.333,0
5,2026-10-07 04:18:41.691361,199,73.45,1.217,96.02,0.337,0
5,2026-10-07 04:23:41.691361,200,75.23,1.134,95.93,0.34,0
5,2026-10-07 04:28:41.691361,201,74.22,1.194,94.39,0.343,0
5,2026-10-07 04:33:41.691361,202,76.64,1.181,93.35,0.347,0
5,2026-10-07 04:38:41.691361,203,76.02,1.271,97.74,0.35,0
5,2026-10-07 04:43:41.691361,204,74.21,1.245,92.61,0.354,0
5,2026-10-07 04:48:41.691361,205,77.36,1.191,93.16,0.357,0
5,2026-10-07 04:53:41.691361,206,75.56,1.243,94.59,0.361,0
5,2026-10-07 04:58:41.691361,207,76.97,1.255,92.04,0.364,0
5,2026-10-07 05:03:41.691361,208,77.38,1.262,95.7,0.368,0
5,2026-10-07 05:08:41.691361,209,75.78,1.193,93.84,0.371,0
5,2026-10-07 05:13:41.691361,210,78.31,1.29,93.52,0.375,0
5,2026-10-07 05:18:41.691361,211,75.84,1.379,92.2,0.378,0
5,2026-10-07 05:23:41.691361,212,76.14,1.328,90.89,0.382,0
5,2026-10-07 05:28:41.691361,213,78.66,1.34,94.95,0.386,0
5,2026-10-07 05:33:41.691361,214,77.93,1.31,91.94,0.389,0
5,2026-10-07 05:38:41.691361,215,77.22,1.278,94.19,0.393,0
5,2026-10-07 05:43:41.691361,216,78.49,1.41,93.94,0.397,0
5,2026-10-07 05:48:41.691361,217,78.76,1.331,92.59,0.4,0
5,2026-10-07 05:53:41.691361,218,78.34,1.335,93.64,0.404,0
5,2026-10-07 05:58:41.691361,219,76.63,1.32,94.12,0.408,0
5,2026-10-07 06:03:41.691361,220,79.1,1.324,94.09,0.411,0
5,2026-10-07 06:08:41.691361,221,77.53,1.384,95.14,0.415,0
5,2026-10-07 06:13:41.691361,222,79.27,1.432,95.8,0.419,0
5,2026-10-07 06:18:41.691361,223,77.59,1.352,91.78,0.423,0
5,2026-10-07 06:23:41.691361,224,78.26,1.293,92.48,0.426,0
5,2026-10-07 06:28:41.691361,225,78.05,1.46,93.24,0.43,0
5,2026-10-07 06:33:41.691361,226,78.11,1.46,93.72,0.434,0
5,2026-10-07 06:38:41.691361,227,78.05,1.415,89.22,0.438,0
5,2026-10-07 06:43:41.691361,228,77.79,1.412,92.59,0.442,0
5,2026-10-07 06:48:41.691361,229,78.1,1.434,90.56,0.446,0
5,2026-10-07 06:53:41.691361,230,79.58,1.49,92.93,0.45,0
5,2026-10-07 06:58:41.691361,231,79.53,1.402,91.32,0.454,0
5,2026-10-07 07:03:41.691361,232,79.16,1.468,92.28,0.457,0
5,2026-10-07 07:08:41.691361,233,81.5,1.539,90.61,0.461,0
5,2026-10-07 07:13:41.691361,234,80.74,1.54,90.8,0.465,0
5,2026-10-07 07:18:41.691361,235,81.09,1.51,89.81,0.469,0
5,2026-10-07 07:23:41.691361,236,80.75,1.539,91.51,0.473,0
5,2026-10-07 07:28:41.691361,237,80.3,1.502,92.68,0.477,0
5,2026-10-07 07:33:41.691361,238,80.44,1.557,92.22,0.481,0
5,2026-10-07 07:38:41.691361,239,79.25,1.514,88.29,0.486,0
5,2026-10-07 07:43:41.691361,240,81.45,1.508,91.72,0.49,0
5,2026-10-07 07:48:41.691361,241,81.36,1.609,89.64,0.494,0
5,2026-10-07 07:53:41.691361,242,80.98,1.673,93.93,0.498,0
5,2026-10-07 07:58:41.691361,243,82.39,1.617,89.77,0.502,0
5,2026-10-07 08:03:41.691361,244,82.21,1.602,92.04,0.506,0
5,2026-10-07 08:08:41.691361,245,80.74,1.612,91.36,0.51,0
5,2026-10-07 08:13:41.691361,246,81.94,1.656,90.16,0.514,0
5,2026-10-07 08:18:41.691361,247,80.18,1.723,94.68,0.519,0
5,2026-10-07 08:23:41.691361,248,82.47,1.586,89.7,0.523,0
5,2026-10-07 08:28:41.691361,249,82.69,1.729,88.96,0.527,0
5,2026-10-07 08:33:41.691361,250,82.08,1.683,91.99,0.531,0
5,2026-10-07 08:38:41.691361,251,81.97,1.605,91.54,0.535,0
5,2026-10-07 08:43:41.691361,252,83.88,1.69,91.13,0.54,0
5,2026-10-07 08:48:41.691361,253,82.11,1.663,91.97,0.544,0
5,2026-10-07 08:53:41.691361,254,83.3,1.74,92.6,0.548,0
5,2026-10-07 08:58:41.691361,255,81.72,1.699,90.5,0.553,0
5,2026-10-07 09:03:41.691361,256,82.46,1.777,89.89,0.557,0
5,2026-10-07 09:08:41.691361,257,82.1,1.752,90.34,0.561,0
5,2026-10-07 09:13:41.691361,258,84.56,1.779,90.69,0.566,0
5,2026-10-07 09:18:41.691361,259,83.98,1.761,88.84,0.57,0
5,2026-10-07 09:23:41.691361,260,84.1,1.765,92.36,0.575,0
5,2026-10-07 09:28:41.691361,261,85.51,1.824,90.3,0.579,0
5,2026-10-07 09:33:41.691361,262,83.95,1.74,89.32,0.583,0
5,2026-10-07 09:38:41.691361,263,84.34,1.826,90.26,0.588,0
5,2026-10-07 09:43:41.691361,264,85.48,1.791,88.44,0.592,0
5,2026-10-07 09:48:41.691361,265,86.27,1.876,88.79,0.597,0
5,2026-10-07 09:53:41.691361,266,84.56,1.843,89.34,0.601,0
5,2026-10-07 09:58:41.691361,267,85.41,1.986,89.48,0.606,0
5,2026-10-07 10:03:41.691361,268,85.8,1.787,88.38,0.61,0
5,2026-10-07 10:08:41.691361,269,86.64,1.903,82.43,0.615,0
5,2026-10-07 10:13:41.691361,270,86.13,1.99,85.93,0.62,0
5,2026-10-07 10:18:41.691361,271,87.31,1.767,90.24,0.624,0
5,2026-10-07 10:23:41.691361,272,85.64,1.8,89.41,0.629,0
5,2026-10-07 10:28:41.691361,273,87.19,1.947,89.52,0.633,0
5,2026-10-07 10:33:41.691361,274,85.48,1.847,89.59,0.638,0
5,2026-10-07 10:38:41.691361,275,88.24,2.008,85.48,0.643,0
5,2026-10-07 10:43:41.691361,276,84.48,1.921,85.98,0.647,0
5,2026-10-07 10:48:41.691361,277,86.52,1.995,86.13,0.652,0
5,2026-10-07 10:53:41.691361,278,87.56,2.017,87.36,0.657,0
5,2026-10-07 10:58:41.691361,279,86.59,1.901,87.59,0.662,0
5,2026-10-07 11:03:41.691361,280,86.97,2.019,88.56,0.666,0
5,2026-10-07 11:08:41.691361,281,87.42,2.01,88.32,0.671,0
5,2026-10-07 11:13:41.691361,282,88.5,2.03,88.27,0.676,0
5,2026-10-07 11:18:41.691361,283,87.24,2.014,88.49,0.681,0
5,2026-10-07 11:23:41.691361,284,86.97,2.078,87.65,0.686,0
5,2026-10-07 11:28:41.691361,285,87.44,2.054,86.75,0.69,0
5,2026-10-07 11:33:41.691361,286,86.0,2.102,87.76,0.695,0
5,2026-10-07 11:38:41.691361,287,89.16,2.069,90.16,0.7,0
5,2026-10-07 11:43:41.691361,288,87.86,2.064,85.73,0.705,0
5,2026-10-07 11:48:41.691361,289,86.4,2.196,89.17,0.71,0
5,2026-10-07 11:53:41.691361,290,89.38,2.087,89.74,0.715,0
5,2026-10-07 11:58:41.691361,291,88.41,2.131,89.08,0.72,0
5,2026-10-07 12:03:41.691361,292,89.79,2.267,87.2,0.725,0
5,2026-10-07 12:08:41.691361,293,88.7,2.139,83.95,0.73,0
5,2026-10-07 12:13:41.691361,294,89.02,2.239,87.52,0.735,0
5,2026-10-07 12:18:41.691361,295,89.55,2.144,86.86,0.74,0
5,2026-10-07 12:23:41.691361,296,90.92,2.228,86.67,0.745,0
5,2026-10-07 12:28:41.691361,297,88.92,2.263,81.62,0.75,0
5,2026-10-07 12:33:41.691361,298,90.52,2.36,83.96,0.755,0
5,2026-10-07 12:38:41.691361,299,89.94,2.244,85.42,0.76,0
5,2026-10-07 12:43:41.691361,300,91.66,2.281,86.25,0.765,0
5,2026-10-07 12:48:41.691361,301,91.55,2.271,90.68,0.77,0
5,2026-10-07 12:53:41.691361,302,90.95,2.293,83.25,0.775,0
5,2026-10-07 12:58:41.691361,303,90.3,2.353,83.71,0.78,0
5,2026-10-07 13:03:41.691361,304,88.54,2.31,87.66,0.786,0
5,2026-10-07 13:08:41.691361,305,91.36,2.305,82.71,0.791,0
5,2026-10-07 13:13:41.691361,306,92.04,2.368,82.73,0.796,0
5,2026-10-07 13:18:41.691361,307,93.04,2.386,86.99,0.801,0
5,2026-10-07 13:23:41.691361,308,92.56,2.393,85.97,0.806,0
5,2026-10-07 13:28:41.691361,309,93.09,2.283,82.83,0.812,0
5,2026-10-07 13:33:41.691361,310,91.34,2.38,85.56,0.817,0
5,2026-10-07 13:38:41.691361,311,92.8,2.456,86.6,0.822,0
5,2026-10-07 13:43:41.691361,312,91.55,2.425,83.5,0.827,0
5,2026-10-07 13:48:41.691361,313,92.56,2.443,79.55,0.833,0
5,2026-10-07 13:53:41.691361,314,95.86,2.468,83.66,0.838,0
5,2026-10-07 13:58:41.691361,315,95.47,2.436,84.65,0.843,0
5,2026-10-07 14:03:41.691361,316,92.76,2.549,84.18,0.849,0
5,2026-10-07 14:08:41.691361,317,93.71,2.54,85.11,0.854,0
5,2026-10-07 14:13:41.691361,318,93.66,2.549,87.93,0.86,0
5,2026-10-07 14:18:41.691361,319,94.29,2.513,84.27,0.865,0
5,2026-10-07 14:23:41.691361,320,95.67,2.491,83.49,0.87,0
5,2026-10-07 14:28:41.691361,321,92.45,2.475,83.02,0.876,0
5,2026-10-07 14:33:41.691361,322,94.42,2.637,84.49,0.881,0
5,2026-10-07 14:38:41.691361,323,93.58,2.525,85.64,0.887,0
5,2026-10-07 14:43:41.691361,324,96.22,2.577,82.81,0.892,0
5,2026-10-07 14:48:41.691361,325,96.41,2.54,83.95,0.898,0
5,2026-10-07 14:53:41.691361,326,97.98,2.613,82.09,0.903,0
5,2026-10-07 14:58:41.691361,327,95.94,2.594,81.05,0.909,0
5,2026-10-07 15:03:41.691361,328,96.48,2.687,82.56,0.914,1
5,2026-10-07 15:08:41.691361,329,95.39,2.597,82.69,0.92,1
5,2026-10-07 15:13:41.691361,330,95.36,2.608,85.64,0.926,1
5,2026-10-07 15:18:41.691361,331,96.79,2.702,84.02,0.931,1
5,2026-10-07 15:23:41.691361,332,97.35,2.666,82.99,0.937,1
5,2026-10-07 15:28:41.691361,333,96.3,2.723,82.98,0.943,1
5,2026-10-07 15:33:41.691361,334,96.37,2.649,82.57,0.948,1
5,2026-10-07 15:38:41.691361,335,96.78,2.635,83.0,0.954,1
5,2026-10-07 15:43:41.691361,336,98.38,2.87,81.54,0.96,1
5,2026-10-07 15:48:41.691361,337,96.78,2.703,82.32,0.965,1
5,2026-10-07 15:53:41.691361,338,97.87,2.732,81.63,0.971,1
5,2026-10-07 15:58:41.691361,339,95.45,2.833,80.62,0.977,1
5,2026-10-07 16:03:41.691361,340,97.99,2.73,80.79,0.983,1
5,2026-10-07 16:08:41.691361,341,97.9,2.815,82.27,0.988,1
5,2026-10-07 16:13:41.691361,342,100.16,2.867,82.88,0.994,1
5,2026-10-07 16:18:41.691361,343,100.37,2.873,81.26,1.0,1
5,2026-10-07 16:23:41.691361,344,100.05,2.913,82.17,1.0,1
5,2026-10-07 16:28:41.691361,345,97.3,2.832,80.67,1.0,1
5,2026-10-07 16:33:41.691361,346,100.19,2.888,82.67,1.0,1
5,2026-10-07 16:38:41.691361,347,101.04,2.963,82.66,1.0,1
5,2026-10-07 16:43:41.691361,348,98.42,2.942,79.82,1.0,1
5,2026-10-07 16:48:41.691361,349,97.89,2.919,82.6,1.0,1
5,2026-10-07 16:53:41.691361,350,100.63,3.049,80.76,1.0,1
5,2026-10-07 16:58:41.691361,351,103.23,2.972,80.41,1.0,1
5,2026-10-07 17:03:41.691361,352,98.96,3.033,79.5,1.0,1
5,2026-10-07 17:08:41.691361,353,99.93,3.057,81.87,1.0,1
5,2026-10-07 17:13:41.691361,354,102.28,2.99,79.94,1.0,1
5,2026-10-07 17:18:41.691361,355,101.06,3.062,82.22,1.0,1
5,2026-10-07 17:23:41.691361,356,101.78,3.137,81.12,1.0,1
5,2026-10-07 17:28:41.691361,357,101.27,3.095,82.21,1.0,1
5,2026-10-07 17:33:41.691361,358,104.16,3.128,79.57,1.0,1
5,2026-10-07 17:38:41.691361,359,101.72,3.112,81.92,1.0,1
5,2026-10-07 17:43:41.691361,360,102.71,3.122,79.36,1.0,1
5,2026-10-07 17:48:41.691361,361,102.01,3.106,79.37,1.0,1
5,2026-10-07 17:53:41.691361,362,104.68,3.118,79.12,1.0,1
5,2026-10-07 17:58:41.691361,363,101.8,3.181,80.97,1.0,1
5,2026-10-07 18:03:41.691361,364,105.0,3.171,79.65,1.0,1
5,2026-10-07 18:08:41.691361,365,103.09,3.202,79.14,1.0,1
5,2026-10-07 18:13:41.691361,366,103.56,3.198,79.22,1.0,1
5,2026-10-07 18:18:41.691361,367,103.35,3.195,80.98,1.0,1
5,2026-10-07 18:23:41.691361,368,107.18,3.162,76.41,1.0,1
5,2026-10-07 18:28:41.691361,369,103.0,3.233,79.51,1.0,1
5,2026-10-07 18:33:41.691361,370,105.07,3.263,78.84,1.0,1
5,2026-10-07 18:38:41.691361,371,103.75,3.257,77.89,1.0,1
5,2026-10-07 18:43:41.691361,372,102.91,3.227,76.11,1.0,1
5,2026-10-07 18:48:41.691361,373,105.95,3.314,78.58,1.0,1
5,2026-10-07 18:53:41.691361,374,103.04,3.243,78.53,1.0,1
5,2026-10-07 18:58:41.691361,375,102.14,3.394,74.68,1.0,1
5,2026-10-07 19:03:41.691361,376,106.71,3.305,78.86,1.0,1
5,2026-10-07 19:08:41.691361,377,109.77,3.251,78.2,1.0,1
5,2026-10-07 19:13:41.691361,378,103.98,3.402,76.72,1.0,1
5,2026-10-07 19:18:41.691361,379,106.53,3.352,78.07,1.0,1
5,2026-10-07 19:23:41.691361,380,104.86,3.475,76.16,1.0,1
5,2026-10-07 19:28:41.691361,381,105.14,3.509,76.54,1.0,1
5,2026-10-07 19:33:41.691361,382,109.34,3.507,75.31,1.0,1
5,2026-10-07 19:38:41.691361,383,107.18,3.468,78.67,1.0,1
5,2026-10-07 19:43:41.691361,384,108.03,3.487,75.95,1.0,1
5,2026-10-07 19:48:41.691361,385,107.67,3.56,76.12,1.0,1
5,2026-10-07 19:53:41.691361,386,107.49,3.483,75.16,1.0,1
5,2026-10-07 19:58:41.691361,387,106.51,3.49,78.1,1.0,1
5,2026-10-07 20:03:41.691361,388,108.18,3.579,72.01,1.0,1
5,2026-10-07 20:08:41.691361,389,109.34,3.552,74.87,1.0,1
5,2026-10-07 20:13:41.691361,390,109.1,3.552,72.27,1.0,1
5,2026-10-07 20:18:41.691361,391,110.23,3.606,74.86,1.0,1
5,2026-10-07 20:23:41.691361,392,108.19,3.537,75.53,1.0,1
5,2026-10-07 20:28:41.691361,393,111.52,3.637,72.99,1.0,1
5,2026-10-07 20:33:41.691361,394,110.09,3.641,76.22,1.0,1
5,2026-10-07 20:38:41.691361,395,110.78,3.511,75.61,1.0,1
5,2026-10-07 20:43:41.691361,396,109.09,3.606,74.38,1.0,1
5,2026-10-07 20:48:41.691361,397,111.02,3.612,75.58,1.0,1
5,2026-10-07 20:53:41.691361,398,111.68,3.713,73.09,1.0,1
5,2026-10-07 20:58:41.691361,399,109.82,3.779,71.99,1.0,1
